EventID,季節,大約日期,地點,事件名稱,事件分類,神學主題,焦點,耶穌品格,福音中心,福音中心_備註,福音中心_原文,經文總覽,經文_太,經文_可,經文_路,經文_約,經文_其他,經文狀態,合參原則,年代確信度,順序確信度,舊約串珠,OT_註解,資料類型
E-001,後設,永恆,天上/永恆,【序言】太初有道,,邏各斯,先存的基督,,此列為資料庫後設：福音不是零散故事，而是可追溯的歷史見證；因此信仰有其公開可驗的起點與脈絡。,（聚焦：先存的基督） 〔見Jn敘事脈絡〕,在「【序言】太初有道」中，耶穌以宣告揭開神國的真相：此列為資料庫後設：福音不是零散故事，而是可追溯的歷史見證；因此信仰有其公開可驗的起點與脈絡。（聚焦：先存的基督）〔見Jn敘事脈絡〕,Jn 1:1-18,,,,Jn 1:1-18,,後設資料,福音書順序,高,高,,,後設資料
E-002,後設,—,書房/文本,路加序言,,歷史確據,真實性,,此列為資料庫後設：福音不是零散故事，而是可追溯的歷史見證；因此信仰有其公開可驗的起點與脈絡。,（聚焦：真實性） 〔見Lk敘事脈絡〕,在「路加序言」中，耶穌以宣告揭開神國的真相：此列為資料庫後設：福音不是零散故事，而是可追溯的歷史見證；因此信仰有其公開可驗的起點與脈絡。（聚焦：真實性）〔見Lk敘事脈絡〕,Lk 1:1-4,,,Lk 1:1-4,,,後設資料,福音書順序,高,高,,,後設資料
E-003,後設,—,歷史檔案,馬太家譜:彌賽亞的法統,,彌賽亞法統,大衛之子,,此列屬後設/序言：神已在話語中主動啟示並定義耶穌，為整個救恩敘事奠基，使信心建立在神先說話的白白的愛上。,（聚焦：大衛之子） 〔見Mt敘事脈絡〕,在「馬太家譜:彌賽亞的法統」中，耶穌以宣告揭開神國的真相：此列屬後設/序言：神已在話語中主動啟示並定義基督，為整個救恩敘事奠基，使信心建立在神先說話的恩典上。（聚焦：大衛之子）〔見Mt敘事脈絡〕,Mt 1:1-17,Mt 1:1-17,,,,,後設資料,福音書順序,高,高,,,後設資料
E-004,春,西元前 6 年,耶路撒冷聖殿,預言施洗約翰出生,降生>成就>先鋒誕生與呼召確立,預備/先鋒,救贖歷史開場,信實、勇氣、使命感,道成肉身不是遠距援助，而是神親自走進人的有限與羞恥裡，讓人不必先整理好人生才配得靠近祂。,（聚焦：救贖歷史開場） 〔見Lk敘事脈絡〕,在「預言施洗約翰出生」中，耶穌以降生揭開神國的真相：道成肉身不是遠距援助，而是神親自走進人的有限與羞恥裡，讓人不必先整理好人生才配得靠近祂。（聚焦：救贖歷史開場）〔見Lk敘事脈絡〕,Lk 1:5-25,,,Lk 1:5-25,,,經文明載,福音書順序,中,高,【P】[彌賽亞預言] 瑪 3:1; 賽 40:3-5,這些舊約經文在期待神要來拯救、立王；新約說這盼望在耶穌身上成真。,事件
E-005,春,西元前 6 年,拿撒勒,預言耶穌降生,降生>預告>童女懷孕與道成肉身,道成肉身,神主動介入,恩典、主權、謙卑,耶穌進入真實人間，表明神不是在高處等待，而是在低處與人相遇；所以盼望不取決於處境，而取決於祂的臨在。,（聚焦：神主動介入） 〔見Lk敘事脈絡〕,在「預言耶穌降生」中，耶穌以降生揭開神國的真相：基督進入真實人間，表明神不是在高處等待，而是在低處與人相遇；所以盼望不取決於處境，而取決於祂的臨在。（聚焦：神主動介入）〔見Lk敘事脈絡〕,Lk 1:26-38,,,Lk 1:26-38,,,經文明載,福音書順序,中,高,【P】[彌賽亞預言] 賽 7:14; 賽 9:6-7,這些舊約經文在期待神要來拯救、立王；新約說這盼望在耶穌身上成真。,事件
E-006,春,西元前 6 年,猶大山地,馬利亞探望以利沙伯,降生>敬拜>尊主頌與恩典反轉,顛覆性恩典,尊主為大,敬畏、喜樂、信靠,道成肉身不是遠距援助，而是神親自走進人的有限與羞恥裡，讓人不必先整理好人生才配得靠近祂。,（聚焦：尊主為大） 〔見Lk敘事脈絡〕,在「馬利亞探望以利沙伯」中，耶穌以降生揭開神國的真相：道成肉身不是遠距援助，而是神親自走進人的有限與羞恥裡，讓人不必先整理好人生才配得靠近祂。（聚焦：尊主為大）〔見Lk敘事脈絡〕,Lk 1:39-56,,,Lk 1:39-56,,,經文明載,福音書順序,中,高,,,事件
E-007,春,西元前 5 年,猶大山地,施洗約翰出生,降生>成就>先鋒誕生與呼召確立,應驗,清晨日光,信實、勇氣、使命感,道成肉身不是遠距援助，而是神親自走進人的有限與羞恥裡，讓人不必先整理好人生才配得靠近祂。,（聚焦：清晨日光） 〔見Lk敘事脈絡〕,在「施洗約翰出生」中，耶穌以降生揭開神國的真相：道成肉身不是遠距援助，而是神親自走進人的有限與羞恥裡，讓人不必先整理好人生才配得靠近祂。（聚焦：清晨日光）〔見Lk敘事脈絡〕,Lk 1:57-80,,,Lk 1:57-80,,,經文明載,福音書順序,中,高,【P】[彌賽亞預言] 瑪 3:1; 賽 40:3-5,這些舊約經文在期待神要來拯救、立王；新約說這盼望在耶穌身上成真。,事件
E-008,春,西元前 5 年,拿撒勒,約瑟的夢與順服,降生>順服>約瑟領受與保護使命,義人,以馬內利,順服、責任、信靠,道成肉身不是遠距援助，而是神親自走進人的有限與羞恥裡，讓人不必先整理好人生才配得靠近祂。,（聚焦：以馬內利） 〔見Mt敘事脈絡〕,在「約瑟的夢與順服」中，耶穌以降生揭開神國的真相：道成肉身不是遠距援助，而是神親自走進人的有限與羞恥裡，讓人不必先整理好人生才配得靠近祂。（聚焦：以馬內利）〔見Mt敘事脈絡〕,Mt 1:18-25,Mt 1:18-25,,,,,經文明載,福音書順序,中,高,【M】[彌賽亞預言] 創 37:5-11; 賽 7:14,這些舊約的盼望/意象在耶穌身上被放大成全，指向祂就是神所應許的拯救者。,事件
E-009,春,西元前 5 年,伯利恆,耶穌降生,降生>成就>彌賽亞降臨(馬槽),降卑,客旅,謙卑、親近、憐憫,道成肉身不是遠距援助，而是神親自走進人的有限與羞恥裡，讓人不必先整理好人生才配得靠近祂。,（聚焦：客旅） 〔見Lk敘事脈絡〕,在「耶穌降生」中，耶穌以降生揭開神國的真相：道成肉身不是遠距援助，而是神親自走進人的有限與羞恥裡，讓人不必先整理好人生才配得靠近祂。（聚焦：客旅）〔見Lk敘事脈絡〕,Lk 2:1-7,,,Lk 2:1-7,,,經文明載,福音書順序,低,高,【P】[彌賽亞預言] 彌 5:2; 賽 9:1-2,這些舊約經文在期待神要來拯救、立王；新約說這盼望在耶穌身上成真。,事件
E-010,春,西元前 5 年,伯利恆野地,牧羊人報信,降生>宣告>好消息臨到卑微者,福音對象,大喜的信息,恩典、接納、喜樂,道成肉身不是遠距援助，而是神親自走進人的有限與羞恥裡，讓人不必先整理好人生才配得靠近祂。,（聚焦：大喜的信息） 〔見Lk敘事脈絡〕,在「牧羊人報信」中，耶穌以降生揭開神國的真相：道成肉身不是遠距援助，而是神親自走進人的有限與羞恥裡，讓人不必先整理好人生才配得靠近祂。（聚焦：大喜的信息）〔見Lk敘事脈絡〕,Lk 2:8-20,,,Lk 2:8-20,,,經文明載,福音書順序,低,高,【M】[彌賽亞預言] 詩 23:1-3; 撒下 7:8-16,這些舊約的盼望/意象在耶穌身上被放大成全，指向祂就是神所應許的拯救者。,事件
E-011,春,西元前 5 年,伯利恆/居所(未明載),割禮與命名,降生>立約記號>割禮與命名(順服律法),律法成全,名為耶穌(第八天/非聖殿),順服、謙卑、信實,耶穌進入真實人間，表明神不是在高處等待，而是在低處與人相遇；所以盼望不取決於處境，而取決於祂的臨在。,（聚焦：名為耶穌(第八天/非聖殿)） 〔見Lk敘事脈絡〕,在「割禮與命名」中，耶穌以降生揭開神國的真相：基督進入真實人間，表明神不是在高處等待，而是在低處與人相遇；所以盼望不取決於處境，而取決於祂的臨在。（聚焦：名為耶穌(第八天/非聖殿)）〔見Lk敘事脈絡〕,Lk 2:21,,,Lk 2:21,,,經文明載,節期標記,中,高,,,事件
E-012,春,西元前 5 年,耶路撒冷聖殿,獻嬰禮與西面的頌讚,降生>敬拜>獻嬰禮與光照萬民,啟示,以色列的安慰(第四十天),信實、安慰、盼望,神選擇以卑微進入歷史，顛覆人以權力與資源換安全感的邏輯；救恩從一開始就宣告：神靠近人的方式是同在，不是命令。,（聚焦：以色列的安慰(第四十天)） 〔見Lk敘事脈絡〕,在「獻嬰禮與西面的頌讚」中，耶穌以降生揭開神國的真相：神選擇以卑微進入歷史，顛覆人以權力與資源換安全感的邏輯；救恩從一開始就宣告：神靠近人的方式是同在，不是命令。（聚焦：以色列的安慰(第四十天)）〔見Lk敘事脈絡〕,Lk 2:22-38,,,Lk 2:22-38,,,經文明載,節期標記,中,高,【M】[彌賽亞預言] 賽 42:6; 賽 49:6,這些舊約的盼望/意象在耶穌身上被放大成全，指向祂就是神所應許的拯救者。,事件
E-013,春,西元前 4 年,伯利恆,東方博士朝拜,降生>列國敬拜>外邦來朝與君王之星,外邦敬拜,君王,榮耀、吸引、普世,耶穌進入真實人間，表明神不是在高處等待，而是在低處與人相遇；所以盼望不取決於處境，而取決於祂的臨在。,（聚焦：君王） 〔見Mt敘事脈絡〕,在「東方博士朝拜」中，耶穌以降生揭開神國的真相：基督進入真實人間，表明神不是在高處等待，而是在低處與人相遇；所以盼望不取決於處境，而取決於祂的臨在。（聚焦：君王）〔見Mt敘事脈絡〕,Mt 2:1-12,Mt 2:1-12,,,,,經文明載,經文段落連結,低,中,【M】[彌賽亞預言] 民 24:17; 詩 72:10-11; 賽 60:1-6,這些舊約的盼望/意象在耶穌身上被放大成全，指向祂就是神所應許的拯救者。,事件
E-014,春,西元前 4 年,往埃及路上,逃往埃及,降生>保護>下埃及與新出埃及預表,受難預表,神意保全,保護、信實、引導,神選擇以卑微進入歷史，顛覆人以權力與資源換安全感的邏輯；救恩從一開始就宣告：神靠近人的方式是同在，不是命令。,（聚焦：神意保全） 〔見Mt敘事脈絡〕,在「逃往埃及」中，耶穌以降生揭開神國的真相：神選擇以卑微進入歷史，顛覆人以權力與資源換安全感的邏輯；救恩從一開始就宣告：神靠近人的方式是同在，不是命令。（聚焦：神意保全）〔見Mt敘事脈絡〕,Mt 2:13-15,Mt 2:13-15,,,,,經文明載,經文段落連結,低,中,,,事件
E-015,春,西元前 4 年,伯利恆/拉瑪,希律屠嬰,降生>黑暗對抗>希律屠嬰與哀哭,苦難,拉結哭子,憐憫、同理、悲憫,道成肉身不是遠距援助，而是神親自走進人的有限與羞恥裡，讓人不必先整理好人生才配得靠近祂。,（聚焦：拉結哭子） 〔見Mt敘事脈絡〕,在「希律屠嬰」中，耶穌以降生揭開神國的真相：道成肉身不是遠距援助，而是神親自走進人的有限與羞恥裡，讓人不必先整理好人生才配得靠近祂。（聚焦：拉結哭子）〔見Mt敘事脈絡〕,Mt 2:16-18,Mt 2:16-18,,,,,經文明載,經文段落連結,低,中,,,事件
E-016,春,西元前 4 年,拿撒勒,歸回拿撒勒,成長>隱藏歲月>歸回拿撒勒與平凡成聖,應驗,路2:39摘要句(需插入Mt2:1-18),謙卑、忍耐、順服,在行旅互動裡，耶穌先靠近、先看見、先接住人，顯明神的愛不是對『理想人』才開放；所以被接納先於被改變。,"（聚焦：路2:39摘要句(需插入Mt2:1-18)） 〔見Lk,Mt敘事脈絡〕","在「歸回拿撒勒」中，耶穌以事件揭開神國的真相：在行旅互動裡，耶穌先靠近、先看見、先接住人，顯明神的愛不是對『理想人』才開放；所以被接納先於被改變。（聚焦：路2:39摘要句(需插入Mt2:1-18)）〔見Lk,Mt敘事脈絡〕",Mt 2:19-23 | Lk 2:39,Mt 2:19-23,,Lk 2:39,,,經文明載,合參推論 (路加敘事壓縮),低,中,【M】[彌賽亞預言] 賽 11:1; 撒下 7:12-16,這些舊約的盼望/意象在耶穌身上被放大成全，指向祂就是神所應許的拯救者。,事件
E-017,春,西元 8 年,耶路撒冷聖殿,十二歲在聖殿,成長>身分覺醒>在聖殿以父的事為念,身分覺醒,以父的事為念,渴慕真理、順服、智慧,在行旅互動裡，耶穌先靠近、先看見、先接住人，顯明神的愛不是對『理想人』才開放；所以被接納先於被改變。,（聚焦：以父的事為念） 〔見Lk敘事脈絡〕,在「十二歲在聖殿」中，耶穌以事件揭開神國的真相：在行旅互動裡，耶穌先靠近、先看見、先接住人，顯明神的愛不是對『理想人』才開放；所以被接納先於被改變。（聚焦：以父的事為念）〔見Lk敘事脈絡〕,Lk 2:40-52,,,Lk 2:40-52,,,經文明載,節期標記,中,高,,,事件
E-018,春,約 西元 27 年,猶大曠野,施洗約翰的曠野呼聲,啟示>關鍵事件>身分與使命確立,悔改,天國近了,信實、順服、權柄,耶穌的身分在任何人的回應之前先被宣告，顯明被接納不是績效換來，而是白白的愛先行。,"（聚焦：天國近了） 〔見Lk,Mk,Mt敘事脈絡〕","在「施洗約翰的曠野呼聲」中，耶穌以啟示揭開神國的真相：耶穌的身分在任何人的回應之前先被宣告，顯明被接納不是績效換來，而是恩典先行。（聚焦：天國近了）〔見Lk,Mk,Mt敘事脈絡〕",Mt 3:1-12 | Mk 1:1-8 | Lk 3:1-20,Mt 3:1-12,Mk 1:1-8,Lk 3:1-20,,,經文明載,經文段落連結,高,高,【T】[彌賽亞預言] 賽 42:1,這些舊約的盼望/意象在耶穌身上被放大成全，指向祂就是神所應許的拯救者。,事件
E-019,春,約 西元 27 年,約旦河,耶穌受洗,身分>啟示>受洗與聖子宣告,身分確認,愛子,謙卑、順服、身份確立,在試探與考驗中，耶穌替我們承受並得勝，顯明拯救不是教人更強，而是有人已為軟弱者打贏那場戰。,"（聚焦：愛子） 〔見Lk,Mk,Mt敘事脈絡〕","在「耶穌受洗」中，耶穌以受洗揭開神國的真相：在試探與考驗中，基督替我們承受並得勝，顯明拯救不是教人更強，而是有人已為軟弱者打贏那場戰。（聚焦：愛子）〔見Lk,Mk,Mt敘事脈絡〕",Mt 3:13-17 | Mk 1:9-11 | Lk 3:21-22,Mt 3:13-17,Mk 1:9-11,Lk 3:21-22,,,經文明載,經文段落連結,高,高,【M】[彌賽亞預言] 賽 42:1; 詩 2:7; 賽 53:12,這些舊約的盼望/意象在耶穌身上被放大成全，指向祂就是神所應許的拯救者。,事件
E-020,後設,—,歷史檔案,路加家譜:人子的源頭,,普世救主,神的兒子,,此列屬後設/序言：神已在話語中主動啟示並定義耶穌，為整個救恩敘事奠基，使信心建立在神先說話的白白的愛上。,（聚焦：神的兒子） 〔見Lk敘事脈絡〕,在「路加家譜:人子的源頭」中，耶穌以宣告揭開神國的真相：此列屬後設/序言：神已在話語中主動啟示並定義基督，為整個救恩敘事奠基，使信心建立在神先說話的恩典上。（聚焦：神的兒子）〔見Lk敘事脈絡〕,Lk 3:23-38,,,Lk 3:23-38,,,後設資料,福音書順序,高,高,,,後設資料
E-021,春,約 西元 27 年,猶大曠野,曠野試探,爭戰>得勝>曠野試探(新以色列),得勝,經上已記,堅毅、信靠、節制,在試探與考驗中，耶穌替我們承受並得勝，顯明拯救不是教人更強，而是有人已為軟弱者打贏那場戰。,"（聚焦：經上已記） 〔見Lk,Mk,Mt敘事脈絡〕","在「曠野試探」中，耶穌以試探揭開神國的真相：在試探與考驗中，基督替我們承受並得勝，顯明拯救不是教人更強，而是有人已為軟弱者打贏那場戰。（聚焦：經上已記）〔見Lk,Mk,Mt敘事脈絡〕",Mt 4:1-11 | Mk 1:12-13 | Lk 4:1-13,Mt 4:1-11,Mk 1:12-13,Lk 4:1-13,,,經文明載,經文段落連結,高,高,,,事件
E-022,春,約 西元 27 年,約旦河外,施洗約翰的見證,啟示>序言>道成肉身與光,見證,神的羔羊,榮耀、真理、恩典,神先向人揭露耶穌的真實身分，救恩的起點不是人找到神，而是神把自己給人看見，讓信心有可依據的對象。,（聚焦：神的羔羊） 〔見Jn敘事脈絡〕,在「施洗約翰的見證」中，耶穌以啟示揭開神國的真相：神先向人揭露基督的真實身分，救恩的起點不是人找到神，而是神把自己給人看見，讓信心有可依據的對象。（聚焦：神的羔羊）〔見Jn敘事脈絡〕,Jn 1:19-34,,,,Jn 1:19-34,,經文明載,福音書順序,低,中,【M】[彌賽亞預言] 創 1:1-3; 出 34:6; 賽 9:2,這些舊約的盼望/意象在耶穌身上被放大成全，指向祂就是神所應許的拯救者。,事件
E-023,春,約 西元 27 年,猶大地區,初次呼召門徒,門訓>呼召>跟從與塑造,跟隨,我們遇見彌賽亞,耐心、洞察、權柄,差遣不是在救火，因為耶穌已先完成工作；我們只要跟上祂已啟動的國度，不用替祂補缺。,（聚焦：我們遇見彌賽亞） 〔見Jn敘事脈絡〕,在「初次呼召門徒」中，耶穌以呼召揭開神國的真相：差遣不是補救計畫，而是因基督已先完成工作；我們被邀請參與祂已啟動的國度，而不是替祂補上缺口。（聚焦：我們遇見彌賽亞）〔見Jn敘事脈絡〕,Jn 1:35-42,,,,Jn 1:35-42,,經文明載,福音書順序,低,中,,,事件
E-024,春,約 西元 27 年,往加利利路上,呼召腓力與拿但業,門訓>呼召>跟從與塑造,全知,看見更大的事,耐心、洞察、權柄,呼召與塑造先從『與主同在』開始，而非先要求產出；耶穌先把不合格的人納入關係，顯明救恩不是精英挑選，而是白白的愛聚集。,（聚焦：看見更大的事） 〔見Jn敘事脈絡〕,在「呼召腓力與拿但業」中，耶穌以呼召揭開神國的真相：呼召與塑造先從『與主同在』開始，而非先要求產出；耶穌先把不合格的人納入關係，顯明救恩不是精英挑選，而是恩典聚集。（聚焦：看見更大的事）〔見Jn敘事脈絡〕,Jn 1:43-51,,,,Jn 1:43-51,,經文明載,地理關聯,低,中,,,事件
E-025,夏,約 西元 27 年,迦拿,迦拿變水為酒,敘事>行旅互動>接待與筵席,轉化,榮耀初顯,同理、耐心、智慧,衝突與冒犯揭露人對白白的愛的抗拒，但耶穌仍堅持把真理帶到人面前；因此救恩不是迎合，而是拯救。,（聚焦：榮耀初顯） 〔見Jn敘事脈絡〕,在「迦拿變水為酒」中，耶穌以行旅互動揭開神國的真相：衝突與冒犯揭露人對恩典的抗拒，但耶穌仍堅持把真理帶到人面前；因此救恩不是迎合，而是拯救。（聚焦：榮耀初顯）〔見Jn敘事脈絡〕,Jn 2:1-12,,,,Jn 2:1-12,,經文明載,地理關聯,低,中,【M】[彌賽亞預言] 創 12:3; 詩 23:3,這些舊約的盼望/意象在耶穌身上被放大成全，指向祂就是神所應許的拯救者。,事件
E-026,夏,約 西元 27 年,耶路撒冷,潔淨聖殿(約翰記載),降生/成長>敘事>救恩歷史開場,聖潔,約2與對觀末週潔殿是否同一事件(兩路線並存),信實、謙卑、恩典,耶穌在人的時間裡成長，顯明救恩不是跳過人性，而是拯救並重塑人性；我們不必假裝完美，因為祂已進入並更新我們的真實。,（聚焦：約2與對觀末週潔殿是否同一事件(兩路線並存)） 〔見Jn敘事脈絡〕,在「潔淨聖殿(約翰記載)」中，耶穌以降生與成長揭開神國的真相：耶穌在人的時間裡成長，顯明救恩不是跳過人性，而是救贖並重塑人性；我們不必假裝完美，因為祂已進入並更新我們的真實。（聚焦：約2與對觀末週潔殿是否同一事件(兩路線並存)）〔見Jn敘事脈絡〕,Jn 2:13-25,,,,Jn 2:13-25,,經文明載,學術共識 (兩路線並存),中,中,【T】[彌賽亞預言] 創 12:3; 賽 9:6-7,這些舊約的盼望/意象在耶穌身上被放大成全，指向祂就是神所應許的拯救者。,事件
E-027,夏,約 西元 27 年,耶路撒冷,尼哥底母夜訪,敘事>行旅互動>私下教導>門徒價值翻轉,重生,神愛世人,同理、耐心、智慧,這段敘事把人的需要與耶穌的同在放在一起，宣告救恩不是抽象理念，而是神在具體處境中主動施恩。,（聚焦：神愛世人） 〔見Jn敘事脈絡〕,在「尼哥底母夜訪」中，耶穌以行旅互動揭開神國的真相：這段敘事把人的需要與耶穌的同在放在一起，宣告救恩不是抽象理念，而是神在具體處境中主動施恩。（聚焦：神愛世人）〔見Jn敘事脈絡〕,Jn 3:1-21,,,,Jn 3:1-21,,經文明載,福音書順序,低,中,【M】[彌賽亞預言] 創 12:3; 詩 23:3,這些舊約的盼望/意象在耶穌身上被放大成全，指向祂就是神所應許的拯救者。,事件
E-028,夏,約 西元 27 年,猶大/比利亞,施洗約翰最後的見證,敘事>行旅互動>私下教導>門徒價值翻轉,興替,他必興旺,同理、耐心、智慧,衝突與冒犯揭露人對白白的愛的抗拒，但耶穌仍堅持把真理帶到人面前；因此救恩不是迎合，而是拯救。,（聚焦：他必興旺） 〔見Jn敘事脈絡〕,在「施洗約翰最後的見證」中，耶穌以行旅互動揭開神國的真相：衝突與冒犯揭露人對恩典的抗拒，但耶穌仍堅持把真理帶到人面前；因此救恩不是迎合，而是拯救。（聚焦：他必興旺）〔見Jn敘事脈絡〕,Jn 3:22-36,,,,Jn 3:22-36,,經文明載,福音書順序,中,高,【M】[彌賽亞預言] 創 12:3; 詩 23:3,這些舊約的盼望/意象在耶穌身上被放大成全，指向祂就是神所應許的拯救者。,事件
E-029,夏,約 西元 27 年,敘加,撒馬利亞婦人,降生>敬拜>尊主頌與恩典反轉,敬拜,活水,敬畏、喜樂、信靠,神選擇以卑微進入歷史，顛覆人以權力與資源換安全感的邏輯；救恩從一開始就宣告：神靠近人的方式是同在，不是命令。,（聚焦：活水） 〔見Jn敘事脈絡〕,在「撒馬利亞婦人」中，耶穌以降生揭開神國的真相：神選擇以卑微進入歷史，顛覆人以權力與資源換安全感的邏輯；救恩從一開始就宣告：神靠近人的方式是同在，不是命令。（聚焦：活水）〔見Jn敘事脈絡〕,Jn 4:1-42,,,,Jn 4:1-42,,經文明載,地理關聯,低,中,,,事件
E-030,夏,約 西元 27 年,迦拿,醫治大臣之子,神蹟>醫治>身體復原與整全,信心,話語權柄,憐憫、權柄、溫柔,在醫治/恢復裡，耶穌把人從失能與羞恥中領回整全；救恩不只是靈魂口號，而是神親自恢復人被奪走的生命。,（聚焦：話語權柄） 〔見Jn敘事脈絡〕,在「醫治大臣之子」中，耶穌以醫治揭開神國的真相：在醫治/恢復裡，耶穌把人從失能與羞恥中領回整全；救恩不只是靈魂口號，而是神親自恢復人被奪走的生命。（聚焦：話語權柄）〔見Jn敘事脈絡〕,Jn 4:43-54,,,,Jn 4:43-54,,經文明載,地理關聯,低,中,【M】[彌賽亞預言] 賽 35:5-6; 賽 53:4-5,這些舊約的盼望/意象在耶穌身上被放大成全，指向祂就是神所應許的拯救者。,事件
E-031,夏,約 西元 28 年,拿撒勒會堂,拿撒勒遭拒,降生/成長>敘事>救恩歷史開場,先知被棄,可能與Mk6平行(是否同一事件有爭議),信實、謙卑、恩典,耶穌在人的時間裡成長，顯明救恩不是跳過人性，而是拯救並重塑人性；我們不必假裝完美，因為祂已進入並更新我們的真實。,（聚焦：可能與Mk6平行(是否同一事件有爭議)） 〔見Lk敘事脈絡〕,在「拿撒勒遭拒」中，耶穌以降生與成長揭開神國的真相：耶穌在人的時間裡成長，顯明救恩不是跳過人性，而是救贖並重塑人性；我們不必假裝完美，因為祂已進入並更新我們的真實。（聚焦：可能與Mk6平行(是否同一事件有爭議)）〔見Lk敘事脈絡〕,Lk 4:14-30,,,Lk 4:14-30,,,經文明載,學術共識 (兩路線並存),中,高,【M】[彌賽亞預言] 創 12:3; 賽 9:6-7,這些舊約的盼望/意象在耶穌身上被放大成全，指向祂就是神所應許的拯救者。,事件
E-032,夏,約 西元 28 年,迦百農,遷居迦百農,敘事>行旅互動>差派與回顧,應驗,大光,同理、耐心、智慧,這段敘事把人的需要與耶穌的同在放在一起，宣告救恩不是抽象理念，而是神在具體處境中主動施恩。,"（聚焦：大光） 〔見Lk,Mt敘事脈絡〕","在「遷居迦百農」中，耶穌以行旅互動揭開神國的真相：這段敘事把人的需要與耶穌的同在放在一起，宣告救恩不是抽象理念，而是神在具體處境中主動施恩。（聚焦：大光）〔見Lk,Mt敘事脈絡〕",Mt 4:13-17 | Lk 4:31-32,Mt 4:13-17,,Lk 4:31-32,,,經文明載,地理關聯,中,高,【M】[彌賽亞預言] 創 12:3; 詩 23:3,這些舊約的盼望/意象在耶穌身上被放大成全，指向祂就是神所應許的拯救者。,事件
E-033,夏,約 西元 28 年,加利利海邊,再次呼召四門徒,門訓>呼召>跟從與塑造,呼召,得人如魚,耐心、洞察、權柄,差遣不是在救火，因為耶穌已先完成工作；我們只要跟上祂已啟動的國度，不用替祂補缺。,"（聚焦：得人如魚） 〔見Lk,Mk,Mt敘事脈絡〕","在「再次呼召四門徒」中，耶穌以呼召揭開神國的真相：差遣不是補救計畫，而是因基督已先完成工作；我們被邀請參與祂已啟動的國度，而不是替祂補上缺口。（聚焦：得人如魚）〔見Lk,Mk,Mt敘事脈絡〕",Mt 4:18-22 | Mk 1:16-20 | Lk 5:1-11,Mt 4:18-22,Mk 1:16-20,Lk 5:1-11,,,經文明載,經文段落連結,中,高,,,事件
E-034,夏,約 西元 28 年,迦百農會堂,迦百農會堂趕鬼,權能>趕鬼>國度與黑暗權勢對決,權柄,安息日趕鬼,權柄、憐憫、剛強,耶穌驅逐污穢與壓迫，預告十字架的得勝將徹底定案；因此自由不是自我改造的成果，而是祂戰勝的禮物。,"（聚焦：安息日趕鬼） 〔見Lk,Mk敘事脈絡〕","在「迦百農會堂趕鬼」中，耶穌以趕鬼揭開神國的真相：耶穌驅逐污穢與壓迫，預告十字架的得勝將徹底定案；因此自由不是自我改造的成果，而是祂戰勝的禮物。（聚焦：安息日趕鬼）〔見Lk,Mk敘事脈絡〕",Mk 1:21-28 | Lk 4:31-37,,Mk 1:21-28,Lk 4:31-37,,,經文明載,經文段落連結,高,高,【M】[彌賽亞預言] 創 3:15; 賽 61:1; 詩 107:13-14,這些舊約的盼望/意象在耶穌身上被放大成全，指向祂就是神所應許的拯救者。,事件
E-035,夏,約 西元 28 年,彼得家,醫治彼得岳母,神蹟>醫治>身體復原與整全,服事,退熱,憐憫、權柄、溫柔,神蹟不是展示能力，而是宣告天國已臨到；耶穌先把破碎的人修復，讓人明白：白白的愛不是獎賞，而是醫治與更新的起頭。,"（聚焦：退熱） 〔見Lk,Mk,Mt敘事脈絡〕","在「醫治彼得岳母」中，耶穌以醫治揭開神國的真相：神蹟不是展示能力，而是宣告天國已臨到；耶穌先把破碎的人修復，讓人明白：恩典不是獎賞，而是醫治與更新的起頭。（聚焦：退熱）〔見Lk,Mk,Mt敘事脈絡〕",Mt 8:14-15 | Mk 1:29-31 | Lk 4:38-39,Mt 8:14-15,Mk 1:29-31,Lk 4:38-39,,,經文明載,合參移位 (馬太主題編排),高,高,【M】[彌賽亞預言] 賽 35:5-6; 賽 53:4-5,這些舊約的盼望/意象在耶穌身上被放大成全，指向祂就是神所應許的拯救者。,事件
E-036,夏,約 西元 28 年,彼得家門前,傍晚的醫治與趕鬼,權能>趕鬼>國度與黑暗權勢對決,代替軟弱,擔當疾病,權柄、憐憫、剛強,耶穌驅逐污穢與壓迫，預告十字架的得勝將徹底定案；因此自由不是自我改造的成果，而是祂戰勝的禮物。,"（聚焦：擔當疾病） 〔見Lk,Mk,Mt敘事脈絡〕","在「傍晚的醫治與趕鬼」中，耶穌以醫治揭開神國的真相：耶穌驅逐污穢與壓迫，預告十字架的得勝將徹底定案；因此自由不是自我改造的成果，而是祂戰勝的禮物。（聚焦：擔當疾病）〔見Lk,Mk,Mt敘事脈絡〕",Mt 8:16-17 | Mk 1:32-34 | Lk 4:40-41,Mt 8:16-17,Mk 1:32-34,Lk 4:40-41,,,經文明載,經文段落連結,高,高,【M】[彌賽亞預言] 創 3:15; 賽 61:1; 詩 107:13-14,這些舊約的盼望/意象在耶穌身上被放大成全，指向祂就是神所應許的拯救者。,事件
E-037,夏,約 西元 28 年,曠野/各會堂,清晨獨自禱告與巡迴,教導>靈修>禱告與父的親近,優先次序,為此而來,溫柔、信靠、引導,國度倫理指向天父的完全，但其目的不是令人絕望，而是把人帶到耶穌的完成裡；我們得以在祂的義中安息，而非自我證明。,"（聚焦：為此而來） 〔見Lk,Mk敘事脈絡〕","在「清晨獨自禱告與巡迴」中，耶穌以教導揭開神國的真相：國度倫理指向天父的完全，但其目的不是令人絕望，而是把人帶到基督的成全裡；我們得以在祂的義中安息，而非自我證明。（聚焦：為此而來）〔見Lk,Mk敘事脈絡〕",Mk 1:35-39 | Lk 4:42-44,,Mk 1:35-39,Lk 4:42-44,,,經文明載,經文段落連結,高,高,,,事件
E-038,夏,約 西元 28 年,加利利,潔淨痲瘋病人,神蹟>醫治>潔淨痲瘋與恢復群體,憐憫,肯也能,憐憫、接納、勇氣,在醫治/恢復裡，耶穌把人從失能與羞恥中領回整全；救恩不只是靈魂口號，而是神親自恢復人被奪走的生命。,"（聚焦：肯也能） 〔見Lk,Mk,Mt敘事脈絡〕","在「潔淨痲瘋病人」中，耶穌以神蹟揭開神國的真相：在醫治/恢復裡，耶穌把人從失能與羞恥中領回整全；救恩不只是靈魂口號，而是神親自恢復人被奪走的生命。（聚焦：肯也能）〔見Lk,Mk,Mt敘事脈絡〕",Mt 8:1-4 | Mk 1:40-45 | Lk 5:12-16,Mt 8:1-4,Mk 1:40-45,Lk 5:12-16,,,經文明載,合參移位 (馬太主題編排),中,中,【M】[彌賽亞預言] 利 13–14; 賽 53:4,這些舊約的盼望/意象在耶穌身上被放大成全，指向祂就是神所應許的拯救者。,事件
E-039,夏,約 西元 28 年,迦百農,拆房頂醫癱子,神蹟>醫治>身體復原與整全,赦罪,人子權柄,憐憫、權柄、溫柔,耶穌的權能穿透疾病與限制，預先給世界一個『新創造』的樣本；因此盼望不靠情緒撐住，而靠祂已介入的事實。,"（聚焦：人子權柄） 〔見Lk,Mk,Mt敘事脈絡〕","在「拆房頂醫癱子」中，耶穌以神蹟揭開神國的真相：基督的權能穿透疾病與限制，預先給世界一個『新創造』的樣本；因此盼望不靠情緒撐住，而靠祂已介入的事實。（聚焦：人子權柄）〔見Lk,Mk,Mt敘事脈絡〕",Mt 9:1-8 | Mk 2:1-12 | Lk 5:17-26,Mt 9:1-8,Mk 2:1-12,Lk 5:17-26,,,經文明載,經文段落連結,中,中,【M】[彌賽亞預言] 賽 35:5-6; 賽 53:4-5,這些舊約的盼望/意象在耶穌身上被放大成全，指向祂就是神所應許的拯救者。,事件
E-040,夏,約 西元 28 年,馬太家,呼召馬太與筵席,門訓>呼召>跟從與塑造,恩典,新酒新皮袋,耐心、洞察、權柄,門徒的跌倒與遲鈍沒有終止救恩，反而凸顯耶穌的保守；因此盼望不建立在人的穩定度，而建立在祂的信實。,"（聚焦：新酒新皮袋） 〔見Lk,Mk,Mt敘事脈絡〕","在「呼召馬太與筵席」中，耶穌以呼召揭開神國的真相：門徒的跌倒與遲鈍沒有終止救恩，反而凸顯基督的保守；因此盼望不建立在人的穩定度，而建立在祂的信實。（聚焦：新酒新皮袋）〔見Lk,Mk,Mt敘事脈絡〕",Mt 9:9-17 | Mk 2:13-22 | Lk 5:27-39,Mt 9:9-17,Mk 2:13-22,Lk 5:27-39,,,經文明載,經文段落連結,中,中,,,事件
E-041,夏,約 西元 28 年,耶路撒冷,畢士大池神蹟與講論,教導>衝突/釋經>權柄與真理對話,生命,父子同工,智慧、勇氣、真理,耶穌的教導不是把人推向更高道德KPI，而是揭露人無力自救，逼人轉向白白的愛；因此順服不是交換救恩，而是被拯救後的新生活。,（聚焦：父子同工） 〔見Jn敘事脈絡〕,在「畢士大池神蹟與講論」中，耶穌以教導揭開神國的真相：耶穌的教導不是把人推向更高道德KPI，而是揭露人無力自救，逼人轉向恩典；因此順服不是交換救恩，而是被拯救後的新生活。（聚焦：父子同工）〔見Jn敘事脈絡〕,Jn 5:1-47,,,,Jn 5:1-47,,經文明載,節期標記,中,中,【M】[彌賽亞預言] 彌 6:6-8; 詩 51:16-17,這些舊約的盼望/意象在耶穌身上被放大成全，指向祂就是神所應許的拯救者。,事件
E-042,夏,約 西元 28 年,麥田,安息日掐麥穗爭議,教導>衝突/釋經>權柄與真理對話,安息日,人子是主,智慧、勇氣、真理,教導把真理放進人的日常，指出真正的自由來自與耶穌連結；救恩不是靠知識累積，因為祂已把我們帶進新身份。,"（聚焦：人子是主） 〔見Lk,Mk,Mt敘事脈絡〕","在「安息日掐麥穗爭議」中，耶穌以教導揭開神國的真相：教導把真理放進人的日常，指出真正的自由來自與基督連結；救恩不是靠知識累積，而是因祂已把我們帶進新身份。（聚焦：人子是主）〔見Lk,Mk,Mt敘事脈絡〕",Mt 12:1-8 | Mk 2:23-28 | Lk 6:1-5,Mt 12:1-8,Mk 2:23-28,Lk 6:1-5,,,經文明載,經文段落連結,中,中,【M】[彌賽亞預言] 彌 6:6-8; 詩 51:16-17,這些舊約的盼望/意象在耶穌身上被放大成全，指向祂就是神所應許的拯救者。,事件
E-043,夏,約 西元 28 年,會堂,安息日醫治枯乾手,神蹟>醫治>身體復原與整全,行善,殺機初現,憐憫、權柄、溫柔,神蹟不是展示能力，而是宣告天國已臨到；耶穌先把破碎的人修復，讓人明白：白白的愛不是獎賞，而是醫治與更新的起頭。,"（聚焦：殺機初現） 〔見Lk,Mk,Mt敘事脈絡〕","在「安息日醫治枯乾手」中，耶穌以醫治揭開神國的真相：神蹟不是展示能力，而是宣告天國已臨到；耶穌先把破碎的人修復，讓人明白：恩典不是獎賞，而是醫治與更新的起頭。（聚焦：殺機初現）〔見Lk,Mk,Mt敘事脈絡〕",Mt 12:9-14 | Mk 3:1-6 | Lk 6:6-11,Mt 12:9-14,Mk 3:1-6,Lk 6:6-11,,,經文明載,經文段落連結,中,中,【M】[彌賽亞預言] 賽 35:5-6; 賽 53:4-5,這些舊約的盼望/意象在耶穌身上被放大成全，指向祂就是神所應許的拯救者。,事件
E-044,夏,約 西元 28 年,加利利海邊,海邊的群眾與醫治,神蹟>醫治>身體復原與整全,權柄,神的兒子,憐憫、權柄、溫柔,神蹟不是展示能力，而是宣告天國已臨到；耶穌先把破碎的人修復，讓人明白：白白的愛不是獎賞，而是醫治與更新的起頭。,"（聚焦：神的兒子） 〔見Lk,Mk敘事脈絡〕","在「海邊的群眾與醫治」中，耶穌以醫治揭開神國的真相：神蹟不是展示能力，而是宣告天國已臨到；耶穌先把破碎的人修復，讓人明白：恩典不是獎賞，而是醫治與更新的起頭。（聚焦：神的兒子）〔見Lk,Mk敘事脈絡〕",Mk 3:7-12 | Lk 6:17-19,,Mk 3:7-12,Lk 6:17-19,,,經文明載,經文段落連結,低,中,【M】[彌賽亞預言] 賽 35:5-6; 賽 53:4-5,這些舊約的盼望/意象在耶穌身上被放大成全，指向祂就是神所應許的拯救者。,事件
E-045,夏,約 西元 28 年,山上,設立十二使徒,門訓>呼召>跟從與塑造,揀選,授權,耐心、洞察、權柄,差遣不是在救火，因為耶穌已先完成工作；我們只要跟上祂已啟動的國度，不用替祂補缺。,"（聚焦：授權） 〔見Lk,Mk,Mt敘事脈絡〕","在「設立十二使徒」中，耶穌以呼召與塑造揭開神國的真相：差遣不是補救計畫，而是因基督已先完成工作；我們被邀請參與祂已啟動的國度，而不是替祂補上缺口。（聚焦：授權）〔見Lk,Mk,Mt敘事脈絡〕",Mt 10:1-4 | Mk 3:13-19 | Lk 6:12-16,Mt 10:1-4,Mk 3:13-19,Lk 6:12-16,,,經文明載,經文段落連結,中,高,,,事件
E-046,夏,約 西元 28 年,八福山,登山寶訓(1):八福,教導>國度倫理>登山寶訓,天國屬性,有福,權柄、真理、洞察,國度倫理指向天父的完全，但其目的不是令人絕望，而是把人帶到耶穌的完成裡；我們得以在祂的義中安息，而非自我證明。,"（聚焦：有福） 〔見Lk,Mt敘事脈絡〕","在「登山寶訓(1):八福」中，耶穌以登山寶訓揭開神國的真相：國度倫理指向天父的完全，但其目的不是令人絕望，而是把人帶到基督的成全裡；我們得以在祂的義中安息，而非自我證明。（聚焦：有福）〔見Lk,Mt敘事脈絡〕",Mt 5:1-12 | Lk 6:20-26,Mt 5:1-12,,Lk 6:20-26,,,經文明載,福音書順序,中,高,,,事件
E-047,夏,約 西元 28 年,八福山,登山寶訓(2):光與鹽,教導>國度倫理>登山寶訓,影響力,世上的光,權柄、真理、洞察,教導把真理放進人的日常，指出真正的自由來自與耶穌連結；救恩不是靠知識累積，因為祂已把我們帶進新身份。,（聚焦：世上的光） 〔見Mt敘事脈絡〕,在「登山寶訓(2):光與鹽」中，耶穌以登山寶訓揭開神國的真相：教導把真理放進人的日常，指出真正的自由來自與基督連結；救恩不是靠知識累積，而是因祂已把我們帶進新身份。（聚焦：世上的光）〔見Mt敘事脈絡〕,Mt 5:13-16,Mt 5:13-16,,,,,經文明載,福音書順序,中,高,,,事件
E-048,夏,約 西元 28 年,八福山,登山寶訓(3):成全律法,教導>國度倫理>登山寶訓,義,成全,權柄、真理、洞察,教導把真理放進人的日常，指出真正的自由來自與耶穌連結；救恩不是靠知識累積，因為祂已把我們帶進新身份。,（聚焦：成全） 〔見Mt敘事脈絡〕,在「登山寶訓(3):成全律法」中，耶穌以登山寶訓揭開神國的真相：教導把真理放進人的日常，指出真正的自由來自與基督連結；救恩不是靠知識累積，而是因祂已把我們帶進新身份。（聚焦：成全）〔見Mt敘事脈絡〕,Mt 5:17-20,Mt 5:17-20,,,,,經文明載,福音書順序,中,高,,,事件
E-049,夏,約 西元 28 年,八福山,登山寶訓(4):古人說與我說,教導>國度倫理>登山寶訓,內心,愛仇敵,權柄、真理、洞察,教導把真理放進人的日常，指出真正的自由來自與耶穌連結；救恩不是靠知識累積，因為祂已把我們帶進新身份。,（聚焦：愛仇敵） 〔見Mt敘事脈絡〕,在「登山寶訓(4):古人說與我說」中，耶穌以登山寶訓揭開神國的真相：教導把真理放進人的日常，指出真正的自由來自與基督連結；救恩不是靠知識累積，而是因祂已把我們帶進新身份。（聚焦：愛仇敵）〔見Mt敘事脈絡〕,Mt 5:21-48,Mt 5:21-48,,,,,經文明載,福音書順序,中,高,,,事件
E-050,夏,約 西元 28 年,八福山,登山寶訓(5):施捨與禱告,教導>國度倫理>登山寶訓,虔誠,暗中查看,權柄、真理、洞察,耶穌的教導不是把人推向更高道德KPI，而是揭露人無力自救，逼人轉向白白的愛；因此順服不是交換救恩，而是被拯救後的新生活。,（聚焦：暗中查看） 〔見Mt敘事脈絡〕,在「登山寶訓(5):施捨與禱告」中，耶穌以登山寶訓揭開神國的真相：耶穌的教導不是把人推向更高道德KPI，而是揭露人無力自救，逼人轉向恩典；因此順服不是交換救恩，而是被拯救後的新生活。（聚焦：暗中查看）〔見Mt敘事脈絡〕,Mt 6:1-18,Mt 6:1-18,,,,,經文明載,福音書順序,中,高,,,事件
E-051,夏,約 西元 28 年,八福山,登山寶訓(6):財寶與憂慮,教導>國度倫理>登山寶訓,價值,事奉二主,權柄、真理、洞察,教導把真理放進人的日常，指出真正的自由來自與耶穌連結；救恩不是靠知識累積，因為祂已把我們帶進新身份。,（聚焦：事奉二主） 〔見Mt敘事脈絡〕,在「登山寶訓(6):財寶與憂慮」中，耶穌以登山寶訓揭開神國的真相：教導把真理放進人的日常，指出真正的自由來自與基督連結；救恩不是靠知識累積，而是因祂已把我們帶進新身份。（聚焦：事奉二主）〔見Mt敘事脈絡〕,Mt 6:19-34,Mt 6:19-34,,,,,經文明載,福音書順序,中,高,,,事件
E-052,夏,約 西元 28 年,八福山,登山寶訓(7):論斷與祈求,教導>國度倫理>登山寶訓,關係,梁木與刺,權柄、真理、洞察,國度倫理指向天父的完全，但其目的不是令人絕望，而是把人帶到耶穌的完成裡；我們得以在祂的義中安息，而非自我證明。,（聚焦：梁木與刺） 〔見Mt敘事脈絡〕,在「登山寶訓(7):論斷與祈求」中，耶穌以登山寶訓揭開神國的真相：國度倫理指向天父的完全，但其目的不是令人絕望，而是把人帶到基督的成全裡；我們得以在祂的義中安息，而非自我證明。（聚焦：梁木與刺）〔見Mt敘事脈絡〕,Mt 7:1-12,Mt 7:1-12,,,,,經文明載,福音書順序,中,高,,,事件
E-053,夏,約 西元 28 年,八福山,登山寶訓(8):兩條路與根基,教導>國度倫理>登山寶訓,審判,認識神,權柄、真理、洞察,國度倫理指向天父的完全，但其目的不是令人絕望，而是把人帶到耶穌的完成裡；我們得以在祂的義中安息，而非自我證明。,"（聚焦：認識神） 〔見Lk,Mt敘事脈絡〕","在「登山寶訓(8):兩條路與根基」中，耶穌以登山寶訓揭開神國的真相：國度倫理指向天父的完全，但其目的不是令人絕望，而是把人帶到基督的成全裡；我們得以在祂的義中安息，而非自我證明。（聚焦：認識神）〔見Lk,Mt敘事脈絡〕",Mt 7:13-29 | Lk 6:37-49,Mt 7:13-29,,Lk 6:37-49,,,經文明載,福音書順序,中,高,,,事件
E-054,夏,約 西元 28 年,迦百農,醫治百夫長僕人,神蹟>醫治>身體復原與整全,信心,權柄話語,憐憫、權柄、溫柔,神蹟不是展示能力，而是宣告天國已臨到；耶穌先把破碎的人修復，讓人明白：白白的愛不是獎賞，而是醫治與更新的起頭。,"（聚焦：權柄話語） 〔見Lk,Mt敘事脈絡〕","在「醫治百夫長僕人」中，耶穌以醫治揭開神國的真相：神蹟不是展示能力，而是宣告天國已臨到；耶穌先把破碎的人修復，讓人明白：恩典不是獎賞，而是醫治與更新的起頭。（聚焦：權柄話語）〔見Lk,Mt敘事脈絡〕",Mt 8:5-13 | Lk 7:1-10,Mt 8:5-13,,Lk 7:1-10,,,經文明載,合參移位 (馬太主題編排),中,中,【M】[彌賽亞預言] 賽 35:5-6; 賽 53:4-5,這些舊約的盼望/意象在耶穌身上被放大成全，指向祂就是神所應許的拯救者。,事件
E-055,夏,約 西元 28 年,拿因,拿因城寡婦之子復活,復活>得勝>死亡被吞滅,生命,憐憫,大能、盼望、信實,在顯現與重建裡，復活主先恢復破碎者，顯明救恩不被人的失敗取消；因此悔改不是回到原點，而是被帶進新起點。,（聚焦：憐憫） 〔見Lk敘事脈絡〕,在「拿因城寡婦之子復活」中，耶穌以復活揭開神國的真相：在顯現與重建裡，復活主先恢復破碎者，顯明救恩不被人的失敗取消；因此悔改不是回到原點，而是被帶進新起點。（聚焦：憐憫）〔見Lk敘事脈絡〕,Lk 7:11-17,,,Lk 7:11-17,,,經文明載,福音書順序,中,中,【M】[彌賽亞預言] 詩 16:10; 何 6:2; 賽 25:8,這些舊約的盼望/意象在耶穌身上被放大成全，指向祂就是神所應許的拯救者。,事件
E-056,夏,約 西元 28 年,監獄,施洗約翰的疑問,敘事>行旅互動>私下教導>旅程門訓,信心,不跌倒,同理、耐心、智慧,這段敘事把人的需要與耶穌的同在放在一起，宣告救恩不是抽象理念，而是神在具體處境中主動施恩。,"（聚焦：不跌倒） 〔見Lk,Mt敘事脈絡〕","在「施洗約翰的疑問」中，耶穌以行旅互動揭開神國的真相：這段敘事把人的需要與耶穌的同在放在一起，宣告救恩不是抽象理念，而是神在具體處境中主動施恩。（聚焦：不跌倒）〔見Lk,Mt敘事脈絡〕",Mt 11:2-19 | Lk 7:18-35,Mt 11:2-19,,Lk 7:18-35,,,經文明載,經文段落連結,低,中,【M】[彌賽亞預言] 創 12:3; 詩 23:3,這些舊約的盼望/意象在耶穌身上被放大成全，指向祂就是神所應許的拯救者。,事件
E-057,夏,約 西元 28 年,加利利,哥拉汛禍哉與安息的軛,敘事>行旅互動>衝突與冒犯,呼召,柔和謙卑,同理、耐心、智慧,衝突與冒犯揭露人對白白的愛的抗拒，但耶穌仍堅持把真理帶到人面前；因此救恩不是迎合，而是拯救。,（聚焦：柔和謙卑） 〔見Mt敘事脈絡〕,在「哥拉汛禍哉與安息的軛」中，耶穌以行旅互動揭開神國的真相：衝突與冒犯揭露人對恩典的抗拒，但耶穌仍堅持把真理帶到人面前；因此救恩不是迎合，而是拯救。（聚焦：柔和謙卑）〔見Mt敘事脈絡〕,Mt 11:20-30,Mt 11:20-30,,,,,經文明載,經文段落連結,低,中,【M】[彌賽亞預言] 創 12:3; 詩 23:3,這些舊約的盼望/意象在耶穌身上被放大成全，指向祂就是神所應許的拯救者。,事件
E-058,夏,約 西元 28 年,西門家,有罪女人膏主,敘事>行旅互動>接待與筵席,赦免,愛多赦多,同理、耐心、智慧,在行旅互動裡，耶穌先靠近、先看見、先接住人，顯明神的愛不是對『理想人』才開放；所以被接納先於被改變。,（聚焦：愛多赦多） 〔見Lk敘事脈絡〕,在「有罪女人膏主」中，耶穌以行旅互動揭開神國的真相：在行旅互動裡，耶穌先靠近、先看見、先接住人，顯明神的愛不是對『理想人』才開放；所以被接納先於被改變。（聚焦：愛多赦多）〔見Lk敘事脈絡〕,Lk 7:36-50,,,Lk 7:36-50,,,經文明載,經文段落連結,中,中,【M】[彌賽亞預言] 創 12:3; 詩 23:3,這些舊約的盼望/意象在耶穌身上被放大成全，指向祂就是神所應許的拯救者。,事件
E-059,夏,約 西元 28 年,加利利,婦女們的供給,敘事>行旅互動>呼召與跟隨,服事,奉獻,同理、耐心、智慧,在行旅互動裡，耶穌先靠近、先看見、先接住人，顯明神的愛不是對『理想人』才開放；所以被接納先於被改變。,（聚焦：奉獻） 〔見Lk敘事脈絡〕,在「婦女們的供給」中，耶穌以行旅互動揭開神國的真相：在行旅互動裡，耶穌先靠近、先看見、先接住人，顯明神的愛不是對『理想人』才開放；所以被接納先於被改變。（聚焦：奉獻）〔見Lk敘事脈絡〕,Lk 8:1-3,,,Lk 8:1-3,,,經文明載,經文段落連結,低,中,【M】[彌賽亞預言] 創 12:3; 詩 23:3,這些舊約的盼望/意象在耶穌身上被放大成全，指向祂就是神所應許的拯救者。,事件
E-060,夏,約 西元 28 年,屋內,褻瀆聖靈與別西卜爭議,敘事>行旅互動>衝突與冒犯,屬靈爭戰,聖靈工作,同理、耐心、智慧,衝突與冒犯揭露人對白白的愛的抗拒，但耶穌仍堅持把真理帶到人面前；因此救恩不是迎合，而是拯救。,"（聚焦：聖靈工作） 〔見Lk,Mk,Mt敘事脈絡〕","在「褻瀆聖靈與別西卜爭議」中，耶穌以行旅互動揭開神國的真相：衝突與冒犯揭露人對恩典的抗拒，但耶穌仍堅持把真理帶到人面前；因此救恩不是迎合，而是拯救。（聚焦：聖靈工作）〔見Lk,Mk,Mt敘事脈絡〕",Mt 12:22-37 | Mk 3:20-30 | Lk 11:14-23,Mt 12:22-37,Mk 3:20-30,Lk 11:14-23,,,經文明載,經文段落連結,中,中,【M】[彌賽亞預言] 創 12:3; 詩 23:3,這些舊約的盼望/意象在耶穌身上被放大成全，指向祂就是神所應許的拯救者。,事件
E-061,夏,約 西元 28 年,屋內,污鬼回返與眼睛的燈,權能>趕鬼>國度與黑暗權勢對決,心的居所,空房要被充滿,權柄、憐憫、剛強,趕鬼與權勢對決宣告黑暗不是最後主宰；耶穌以權柄釋放被捆綁的人，顯明救恩是解放，而不是道德加強班。,"（聚焦：空房要被充滿） 〔見Lk,Mt敘事脈絡〕","在「污鬼回返與眼睛的燈」中，耶穌以趕鬼揭開神國的真相：趕鬼與權勢對決宣告黑暗不是最後主宰；耶穌以權柄釋放被捆綁的人，顯明救恩是解放，而不是道德加強班。（聚焦：空房要被充滿）〔見Lk,Mt敘事脈絡〕",Mt 12:43-45 | Lk 11:24-36,Mt 12:43-45,,Lk 11:24-36,,,經文明載,經文段落連結,低,中,【M】[彌賽亞預言] 創 3:15; 賽 61:1; 詩 107:13-14,這些舊約的盼望/意象在耶穌身上被放大成全，指向祂就是神所應許的拯救者。,事件
E-062,夏,約 西元 28 年,屋內/眾人,誰是耶穌的家人,敘事>行旅互動>私下教導>門徒價值翻轉,順服,聽道行道的人,同理、耐心、智慧,在行旅互動裡，耶穌先靠近、先看見、先接住人，顯明神的愛不是對『理想人』才開放；所以被接納先於被改變。,"（聚焦：聽道行道的人） 〔見Lk,Mk,Mt敘事脈絡〕","在「誰是耶穌的家人」中，耶穌以行旅互動揭開神國的真相：在行旅互動裡，耶穌先靠近、先看見、先接住人，顯明神的愛不是對『理想人』才開放；所以被接納先於被改變。（聚焦：聽道行道的人）〔見Lk,Mk,Mt敘事脈絡〕",Mt 12:46-50 | Mk 3:31-35 | Lk 8:19-21,Mt 12:46-50,Mk 3:31-35,Lk 8:19-21,,,經文明載,經文段落連結,低,中,【M】[彌賽亞預言] 創 12:3; 詩 23:3,這些舊約的盼望/意象在耶穌身上被放大成全，指向祂就是神所應許的拯救者。,事件
E-063,夏,約 西元 28 年,海邊船上,天國比喻(1):撒種與目的,比喻>天國>撒種與人心土壤,奧祕,心田,洞察、忍耐、真理,比喻不是給成功祕訣，而是把人從自義的劇本中救出來；耶穌先翻轉價值秩序，使人不必靠表現爭取被神接納。,"（聚焦：心田） 〔見Lk,Mk,Mt敘事脈絡〕","在「天國比喻(1):撒種與目的」中，耶穌以比喻揭開神國的真相：比喻不是給成功祕訣，而是把人從自義的劇本中救出來；耶穌先翻轉價值秩序，使人不必靠表現爭取被神接納。（聚焦：心田）〔見Lk,Mk,Mt敘事脈絡〕",Mt 13:1-23 | Mk 4:1-25 | Lk 8:4-18,Mt 13:1-23,Mk 4:1-25,Lk 8:4-18,,,經文明載,福音書順序,中,高,【M】[彌賽亞預言] 賽 55:10-11; 詩 1:1-3,這些舊約的盼望/意象在耶穌身上被放大成全，指向祂就是神所應許的拯救者。,事件
E-064,夏,約 西元 28 年,海邊船上,天國比喻(2):種子生長(馬可),比喻>教導>天國價值反轉,成長,種子自動生長,智慧、洞察、真理,藉著比喻，耶穌顛覆『配得』的邏輯，讓人看見：在上帝的國度/掌權裡，被愛先於改變，改變因此成為回應而非條件。,（聚焦：種子自動生長） 〔見Mk敘事脈絡〕,在「天國比喻(2):種子生長(馬可)」中，耶穌以比喻揭開神國的真相：藉著比喻，耶穌顛覆『配得』的邏輯，讓人看見：在神國裡，被愛先於改變，改變因此成為回應而非條件。（聚焦：種子自動生長）〔見Mk敘事脈絡〕,Mk 4:26-29,,Mk 4:26-29,,,,經文明載,福音書順序,中,高,【M】[彌賽亞預言] 賽 55:8-9,這些舊約的盼望/意象在耶穌身上被放大成全，指向祂就是神所應許的拯救者。,事件
E-065,夏,約 西元 28 年,海邊船上,天國比喻(3):稗子,比喻>教導>天國價值反轉,審判,容讓生長,智慧、洞察、真理,天國比喻揭露人心的算計，並把焦點轉向神的主動施恩；救恩不是人尋找神的功勞，而是神尋回人的行動。,（聚焦：容讓生長） 〔見Mt敘事脈絡〕,在「天國比喻(3):稗子」中，耶穌以比喻揭開神國的真相：天國比喻揭露人心的算計，並把焦點轉向神的主動施恩；救恩不是人尋找神的功勞，而是神尋回人的行動。（聚焦：容讓生長）〔見Mt敘事脈絡〕,Mt 13:24-30,Mt 13:24-30,,,,,經文明載,福音書順序,中,高,【M】[彌賽亞預言] 賽 55:8-9,這些舊約的盼望/意象在耶穌身上被放大成全，指向祂就是神所應許的拯救者。,事件
E-066,夏,約 西元 28 年,海邊船上,天國比喻(4):芥菜種與麵酵,比喻>教導>天國價值反轉,擴展,雖小必大,智慧、洞察、真理,比喻不是給成功祕訣，而是把人從自義的劇本中救出來；耶穌先翻轉價值秩序，使人不必靠表現爭取被神接納。,"（聚焦：雖小必大） 〔見Mk,Mt敘事脈絡〕","在「天國比喻(4):芥菜種與麵酵」中，耶穌以比喻揭開神國的真相：比喻不是給成功祕訣，而是把人從自義的劇本中救出來；耶穌先翻轉價值秩序，使人不必靠表現爭取被神接納。（聚焦：雖小必大）〔見Mk,Mt敘事脈絡〕",Mt 13:31-33 | Mk 4:30-32,Mt 13:31-33,Mk 4:30-32,,,,經文明載,福音書順序,中,高,【M】[彌賽亞預言] 賽 55:8-9,這些舊約的盼望/意象在耶穌身上被放大成全，指向祂就是神所應許的拯救者。,事件
E-067,夏,約 西元 28 年,屋內,天國比喻(5):解釋稗子,比喻>教導>天國價值反轉,結局,義人發光,智慧、洞察、真理,比喻不是給成功祕訣，而是把人從自義的劇本中救出來；耶穌先翻轉價值秩序，使人不必靠表現爭取被神接納。,（聚焦：義人發光） 〔見Mt敘事脈絡〕,在「天國比喻(5):解釋稗子」中，耶穌以比喻揭開神國的真相：比喻不是給成功祕訣，而是把人從自義的劇本中救出來；耶穌先翻轉價值秩序，使人不必靠表現爭取被神接納。（聚焦：義人發光）〔見Mt敘事脈絡〕,Mt 13:36-43,Mt 13:36-43,,,,,經文明載,福音書順序,中,高,【M】[彌賽亞預言] 賽 55:8-9,這些舊約的盼望/意象在耶穌身上被放大成全，指向祂就是神所應許的拯救者。,事件
E-068,夏,約 西元 28 年,屋內,天國比喻(6):藏寶與尋珠,比喻>教導>天國價值反轉,價值,變賣一切,智慧、洞察、真理,天國比喻揭露人心的算計，並把焦點轉向神的主動施恩；救恩不是人尋找神的功勞，而是神尋回人的行動。,（聚焦：變賣一切） 〔見Mt敘事脈絡〕,在「天國比喻(6):藏寶與尋珠」中，耶穌以比喻揭開神國的真相：天國比喻揭露人心的算計，並把焦點轉向神的主動施恩；救恩不是人尋找神的功勞，而是神尋回人的行動。（聚焦：變賣一切）〔見Mt敘事脈絡〕,Mt 13:44-46,Mt 13:44-46,,,,,經文明載,福音書順序,中,高,【M】[彌賽亞預言] 賽 55:8-9,這些舊約的盼望/意象在耶穌身上被放大成全，指向祂就是神所應許的拯救者。,事件
E-069,夏,約 西元 28 年,屋內,天國比喻(7):撒網與家主,比喻>教導>天國價值反轉,分別,水族分類,智慧、洞察、真理,藉著比喻，耶穌顛覆『配得』的邏輯，讓人看見：在上帝的國度/掌權裡，被愛先於改變，改變因此成為回應而非條件。,（聚焦：水族分類） 〔見Mt敘事脈絡〕,在「天國比喻(7):撒網與家主」中，耶穌以比喻揭開神國的真相：藉著比喻，耶穌顛覆『配得』的邏輯，讓人看見：在神國裡，被愛先於改變，改變因此成為回應而非條件。（聚焦：水族分類）〔見Mt敘事脈絡〕,Mt 13:47-52,Mt 13:47-52,,,,,經文明載,福音書順序,中,高,【M】[彌賽亞預言] 賽 55:8-9,這些舊約的盼望/意象在耶穌身上被放大成全，指向祂就是神所應許的拯救者。,事件
E-070,夏,約 西元 28 年,拿撒勒,拿撒勒厭棄耶穌(後期),成長>隱藏歲月>歸回拿撒勒與平凡成聖,不信,可能與Lk4同源(作者編排不同),謙卑、忍耐、順服,這段敘事把人的需要與耶穌的同在放在一起，宣告救恩不是抽象理念，而是神在具體處境中主動施恩。,"（聚焦：可能與Lk4同源(作者編排不同)） 〔見Mk,Mt敘事脈絡〕","在「拿撒勒厭棄耶穌(後期)」中，耶穌以事件揭開神國的真相：這段敘事把人的需要與耶穌的同在放在一起，宣告救恩不是抽象理念，而是神在具體處境中主動施恩。（聚焦：可能與Lk4同源(作者編排不同)）〔見Mk,Mt敘事脈絡〕",Mt 13:53-58 | Mk 6:1-6,Mt 13:53-58,Mk 6:1-6,,,,邏輯推論,學術共識 (兩路線並存),低,中,【M】[彌賽亞預言] 賽 11:1; 撒下 7:12-16,這些舊約的盼望/意象在耶穌身上被放大成全，指向祂就是神所應許的拯救者。,事件
E-071,夏,約 西元 28 年,加利利海,平靜風浪,神蹟>自然>平靜風浪(掌管混沌),自然權柄,信心,權柄、保護、鎮定,神蹟不是展示能力，而是宣告天國已臨到；耶穌先把破碎的人修復，讓人明白：白白的愛不是獎賞，而是醫治與更新的起頭。,"（聚焦：信心） 〔見Lk,Mk,Mt敘事脈絡〕","在「平靜風浪」中，耶穌以神蹟揭開神國的真相：神蹟不是展示能力，而是宣告天國已臨到；耶穌先把破碎的人修復，讓人明白：恩典不是獎賞，而是醫治與更新的起頭。（聚焦：信心）〔見Lk,Mk,Mt敘事脈絡〕",Mt 8:23-27 | Mk 4:35-41 | Lk 8:22-25,Mt 8:23-27,Mk 4:35-41,Lk 8:22-25,,,經文明載,經文段落連結,中,高,,,事件
E-072,夏,約 西元 28 年,低加波利,格拉森被鬼附者,權能>趕鬼>國度與黑暗權勢對決,靈界權柄,人比豬貴,權柄、憐憫、剛強,在與邪惡權勢的交鋒中，耶穌為人類打破鎖鏈，讓人不必靠意志硬撐勝過黑暗，因為更強者已經臨到。,"（聚焦：人比豬貴） 〔見Lk,Mk,Mt敘事脈絡〕","在「格拉森被鬼附者」中，耶穌以趕鬼揭開神國的真相：在與邪惡權勢的交鋒中，基督為人類打破鎖鏈，讓人不必靠意志硬撐勝過黑暗，因為更強者已經臨到。（聚焦：人比豬貴）〔見Lk,Mk,Mt敘事脈絡〕",Mt 8:28-34 | Mk 5:1-20 | Lk 8:26-39,Mt 8:28-34,Mk 5:1-20,Lk 8:26-39,,,經文明載,經文段落連結,中,高,【M】[彌賽亞預言] 創 3:15; 賽 61:1; 詩 107:13-14,這些舊約的盼望/意象在耶穌身上被放大成全，指向祂就是神所應許的拯救者。,事件
E-073,夏,約 西元 29 年,迦百農,睚魯女兒與血漏婦人,神蹟>醫治>血漏得潔淨,信心,不要怕只要信,憐憫、溫柔、尊榮,耶穌的權能穿透疾病與限制，預先給世界一個『新創造』的樣本；因此盼望不靠情緒撐住，而靠祂已介入的事實。,"（聚焦：不要怕只要信） 〔見Lk,Mk,Mt敘事脈絡〕","在「睚魯女兒與血漏婦人」中，耶穌以神蹟揭開神國的真相：基督的權能穿透疾病與限制，預先給世界一個『新創造』的樣本；因此盼望不靠情緒撐住，而靠祂已介入的事實。（聚焦：不要怕只要信）〔見Lk,Mk,Mt敘事脈絡〕",Mt 9:18-26 | Mk 5:21-43 | Lk 8:40-56,Mt 9:18-26,Mk 5:21-43,Lk 8:40-56,,,經文明載,經文段落連結,中,高,,,事件
E-074,夏,約 西元 29 年,迦百農,醫治兩瞎子與啞巴,神蹟>醫治>開眼與光照,憐憫,大衛子孫,憐憫、耐心、權柄,在醫治/恢復裡，耶穌把人從失能與羞恥中領回整全；救恩不只是靈魂口號，而是神親自恢復人被奪走的生命。,（聚焦：大衛子孫） 〔見Mt敘事脈絡〕,在「醫治兩瞎子與啞巴」中，耶穌以醫治揭開神國的真相：在醫治/恢復裡，耶穌把人從失能與羞恥中領回整全；救恩不只是靈魂口號，而是神親自恢復人被奪走的生命。（聚焦：大衛子孫）〔見Mt敘事脈絡〕,Mt 9:27-34,Mt 9:27-34,,,,,經文明載,經文段落連結,中,中,【M】[彌賽亞預言] 賽 35:5-6; 賽 42:6-7,這些舊約的盼望/意象在耶穌身上被放大成全，指向祂就是神所應許的拯救者。,事件
E-075,夏,約 西元 29 年,加利利,差遣十二使徒實習,門訓>宣教>差遣與權柄,宣教,莊稼多,信任、勇氣、使命感,差遣不是在救火，因為耶穌已先完成工作；我們只要跟上祂已啟動的國度，不用替祂補缺。,"（聚焦：莊稼多） 〔見Lk,Mk,Mt敘事脈絡〕","在「差遣十二使徒實習」中，耶穌以差遣揭開神國的真相：差遣不是補救計畫，而是因基督已先完成工作；我們被邀請參與祂已啟動的國度，而不是替祂補上缺口。（聚焦：莊稼多）〔見Lk,Mk,Mt敘事脈絡〕",Mt 9:35-10:42 | Mk 6:6-13 | Lk 9:1-6,Mt 9:35-10:42,Mk 6:6-13,Lk 9:1-6,,,經文明載,經文段落連結,中,中,【M】[彌賽亞預言] 賽 6:8; 出 3:12,這些舊約的盼望/意象在耶穌身上被放大成全，指向祂就是神所應許的拯救者。,事件
E-076,夏,約 西元 29 年,馬卡魯斯,施洗約翰被斬,敘事>行旅互動>衝突與冒犯,殉道,良心,同理、耐心、智慧,在行旅互動裡，耶穌先靠近、先看見、先接住人，顯明神的愛不是對『理想人』才開放；所以被接納先於被改變。,"（聚焦：良心） 〔見Lk,Mk,Mt敘事脈絡〕","在「施洗約翰被斬」中，耶穌以行旅互動揭開神國的真相：在行旅互動裡，耶穌先靠近、先看見、先接住人，顯明神的愛不是對『理想人』才開放；所以被接納先於被改變。（聚焦：良心）〔見Lk,Mk,Mt敘事脈絡〕",Mt 14:1-12 | Mk 6:14-29 | Lk 9:7-9,Mt 14:1-12,Mk 6:14-29,Lk 9:7-9,,,經文明載,經文段落連結,中,中,【M】[彌賽亞預言] 創 12:3; 詩 23:3,這些舊約的盼望/意象在耶穌身上被放大成全，指向祂就是神所應許的拯救者。,事件
E-077,夏,約 西元 29 年,伯賽大,五餅二魚,神蹟>供應>食物倍增(五餅二魚),供應,滿足,憐憫、供應、牧養,耶穌的權能穿透疾病與限制，預先給世界一個『新創造』的樣本；因此盼望不靠情緒撐住，而靠祂已介入的事實。,"（聚焦：滿足） 〔見Jn,Lk,Mk,Mt敘事脈絡〕","在「五餅二魚」中，耶穌以五餅二魚揭開神國的真相：基督的權能穿透疾病與限制，預先給世界一個『新創造』的樣本；因此盼望不靠情緒撐住，而靠祂已介入的事實。（聚焦：滿足）〔見Jn,Lk,Mk,Mt敘事脈絡〕",Mt 14:13-21 | Mk 6:30-44 | Lk 9:10-17 | Jn 6:1-15,Mt 14:13-21,Mk 6:30-44,Lk 9:10-17,Jn 6:1-15,,經文明載,節期標記,高,高,【M】[彌賽亞預言] 出 16:4-15; 王下 4:42-44; 詩 78:24-25; 賽 55:1-2,這些舊約的盼望/意象在耶穌身上被放大成全，指向祂就是神所應許的拯救者。,事件
E-078,夏,約 西元 29 年,加利利海,耶穌履海,敘事>行旅互動>憐憫行動,神性,是我不要怕,同理、耐心、智慧,這段敘事把人的需要與耶穌的同在放在一起，宣告救恩不是抽象理念，而是神在具體處境中主動施恩。,"（聚焦：是我不要怕） 〔見Jn,Mk,Mt敘事脈絡〕","在「耶穌履海」中，耶穌以行旅互動揭開神國的真相：這段敘事把人的需要與耶穌的同在放在一起，宣告救恩不是抽象理念，而是神在具體處境中主動施恩。（聚焦：是我不要怕）〔見Jn,Mk,Mt敘事脈絡〕",Mt 14:22-33 | Mk 6:45-52 | Jn 6:16-21,Mt 14:22-33,Mk 6:45-52,,Jn 6:16-21,,經文明載,經文段落連結,高,高,【M】[彌賽亞預言] 創 12:3; 詩 23:3,這些舊約的盼望/意象在耶穌身上被放大成全，指向祂就是神所應許的拯救者。,事件
E-079,夏,約 西元 29 年,革尼撒勒,革尼撒勒的醫治,神蹟>醫治>身體復原與整全,憐憫,觸摸衣裳繸子,憐憫、權柄、溫柔,耶穌的權能穿透疾病與限制，預先給世界一個『新創造』的樣本；因此盼望不靠情緒撐住，而靠祂已介入的事實。,"（聚焦：觸摸衣裳繸子） 〔見Mk,Mt敘事脈絡〕","在「革尼撒勒的醫治」中，耶穌以醫治揭開神國的真相：基督的權能穿透疾病與限制，預先給世界一個『新創造』的樣本；因此盼望不靠情緒撐住，而靠祂已介入的事實。（聚焦：觸摸衣裳繸子）〔見Mk,Mt敘事脈絡〕",Mt 14:34-36 | Mk 6:53-56,Mt 14:34-36,Mk 6:53-56,,,,經文明載,經文段落連結,低,中,【M】[彌賽亞預言] 賽 35:5-6; 賽 53:4-5,這些舊約的盼望/意象在耶穌身上被放大成全，指向祂就是神所應許的拯救者。,事件
E-080,夏,約 西元 29 年,迦百農,生命的糧講論,教導>衝突/釋經>權柄與真理對話,永生,吃我肉喝我血,智慧、勇氣、真理,耶穌的教導不是把人推向更高道德KPI，而是揭露人無力自救，逼人轉向白白的愛；因此順服不是交換救恩，而是被拯救後的新生活。,（聚焦：吃我肉喝我血） 〔見Jn敘事脈絡〕,在「生命的糧講論」中，耶穌以教導揭開神國的真相：耶穌的教導不是把人推向更高道德KPI，而是揭露人無力自救，逼人轉向恩典；因此順服不是交換救恩，而是被拯救後的新生活。（聚焦：吃我肉喝我血）〔見Jn敘事脈絡〕,Jn 6:22-71,,,,Jn 6:22-71,,經文明載,福音書順序,高,高,【M】[彌賽亞預言] 彌 6:6-8; 詩 51:16-17,這些舊約的盼望/意象在耶穌身上被放大成全，指向祂就是神所應許的拯救者。,事件
E-081,秋,約 西元 29 年,加利利,傳統與潔淨的爭辯,敘事>行旅互動>衝突與冒犯,內心,遺傳vs誡命,同理、耐心、智慧,衝突與冒犯揭露人對白白的愛的抗拒，但耶穌仍堅持把真理帶到人面前；因此救恩不是迎合，而是拯救。,"（聚焦：遺傳vs誡命） 〔見Mk,Mt敘事脈絡〕","在「傳統與潔淨的爭辯」中，耶穌以行旅互動揭開神國的真相：衝突與冒犯揭露人對恩典的抗拒，但耶穌仍堅持把真理帶到人面前；因此救恩不是迎合，而是拯救。（聚焦：遺傳vs誡命）〔見Mk,Mt敘事脈絡〕",Mt 15:1-20 | Mk 7:1-23,Mt 15:1-20,Mk 7:1-23,,,,經文明載,經文段落連結,中,中,【M】[彌賽亞預言] 創 12:3; 詩 23:3,這些舊約的盼望/意象在耶穌身上被放大成全，指向祂就是神所應許的拯救者。,事件
E-082,秋,約 西元 29 年,推羅西頓,敘利亞腓尼基婦人,敘事>行旅互動>憐憫行動,外邦信心,桌下碎渣,同理、耐心、智慧,衝突與冒犯揭露人對白白的愛的抗拒，但耶穌仍堅持把真理帶到人面前；因此救恩不是迎合，而是拯救。,"（聚焦：桌下碎渣） 〔見Mk,Mt敘事脈絡〕","在「敘利亞腓尼基婦人」中，耶穌以行旅互動揭開神國的真相：衝突與冒犯揭露人對恩典的抗拒，但耶穌仍堅持把真理帶到人面前；因此救恩不是迎合，而是拯救。（聚焦：桌下碎渣）〔見Mk,Mt敘事脈絡〕",Mt 15:21-28 | Mk 7:24-30,Mt 15:21-28,Mk 7:24-30,,,,經文明載,經文段落連結,中,中,【M】[彌賽亞預言] 創 12:3; 詩 23:3,這些舊約的盼望/意象在耶穌身上被放大成全，指向祂就是神所應許的拯救者。,事件
E-083,秋,約 西元 29 年,低加波利,醫治耳聾舌結者,神蹟>醫治>身體復原與整全,憐憫,以法大,憐憫、權柄、溫柔,耶穌的權能穿透疾病與限制，預先給世界一個『新創造』的樣本；因此盼望不靠情緒撐住，而靠祂已介入的事實。,（聚焦：以法大） 〔見Mk敘事脈絡〕,在「醫治耳聾舌結者」中，耶穌以醫治揭開神國的真相：基督的權能穿透疾病與限制，預先給世界一個『新創造』的樣本；因此盼望不靠情緒撐住，而靠祂已介入的事實。（聚焦：以法大）〔見Mk敘事脈絡〕,Mk 7:31-37,,Mk 7:31-37,,,,經文明載,經文段落連結,中,中,【M】[彌賽亞預言] 賽 35:5-6; 賽 53:4-5,這些舊約的盼望/意象在耶穌身上被放大成全，指向祂就是神所應許的拯救者。,事件
E-084,秋,約 西元 29 年,低加波利,餵飽四千人,敘事>行旅互動>憐憫行動,普世恩典,七筐,同理、耐心、智慧,這段敘事把人的需要與耶穌的同在放在一起，宣告救恩不是抽象理念，而是神在具體處境中主動施恩。,"（聚焦：七筐） 〔見Mk,Mt敘事脈絡〕","在「餵飽四千人」中，耶穌以行旅互動揭開神國的真相：這段敘事把人的需要與耶穌的同在放在一起，宣告救恩不是抽象理念，而是神在具體處境中主動施恩。（聚焦：七筐）〔見Mk,Mt敘事脈絡〕",Mt 15:32-39 | Mk 8:1-10,Mt 15:32-39,Mk 8:1-10,,,,經文明載,經文段落連結,高,高,【M】[彌賽亞預言] 創 12:3; 詩 23:3,這些舊約的盼望/意象在耶穌身上被放大成全，指向祂就是神所應許的拯救者。,事件
E-085,秋,約 西元 29 年,伯賽大,伯賽大醫治瞎子,神蹟>醫治>開眼與光照,漸進醫治,看見人像樹,憐憫、耐心、權柄,在醫治/恢復裡，耶穌把人從失能與羞恥中領回整全；救恩不只是靈魂口號，而是神親自恢復人被奪走的生命。,（聚焦：看見人像樹） 〔見Mk敘事脈絡〕,在「伯賽大醫治瞎子」中，耶穌以醫治揭開神國的真相：在醫治/恢復裡，耶穌把人從失能與羞恥中領回整全；救恩不只是靈魂口號，而是神親自恢復人被奪走的生命。（聚焦：看見人像樹）〔見Mk敘事脈絡〕,Mk 8:22-26,,Mk 8:22-26,,,,經文明載,福音書順序,低,中,【M】[彌賽亞預言] 賽 35:5-6; 賽 42:6-7,這些舊約的盼望/意象在耶穌身上被放大成全，指向祂就是神所應許的拯救者。,事件
E-086,秋,約 西元 29 年,該撒利亞腓立比,彼得認信,敘事>行旅互動>私下教導>門徒價值翻轉,教會根基,基督神子,同理、耐心、智慧,在行旅互動裡，耶穌先靠近、先看見、先接住人，顯明神的愛不是對『理想人』才開放；所以被接納先於被改變。,"（聚焦：基督神子） 〔見Lk,Mk,Mt敘事脈絡〕","在「彼得認信」中，耶穌以行旅互動揭開神國的真相：在行旅互動裡，耶穌先靠近、先看見、先接住人，顯明神的愛不是對『理想人』才開放；所以被接納先於被改變。（聚焦：基督神子）〔見Lk,Mk,Mt敘事脈絡〕",Mt 16:13-20 | Mk 8:27-30 | Lk 9:18-21,Mt 16:13-20,Mk 8:27-30,Lk 9:18-21,,,經文明載,經文段落連結,高,高,【M】[彌賽亞預言] 創 12:3; 詩 23:3,這些舊約的盼望/意象在耶穌身上被放大成全，指向祂就是神所應許的拯救者。,事件
E-087,秋,約 西元 29 年,同上,第一次預言受難,降生/成長>敘事>救恩歷史開場,十字架,體貼神意,信實、謙卑、恩典,十字架把神的公義與慈愛同時成就：罪被審判，人被挽回；因此我們可以在白白的愛裡得著真正的平安。,"（聚焦：體貼神意） 〔見Lk,Mk,Mt敘事脈絡〕","在「第一次預言受難」中，耶穌以降生與成長揭開神國的真相：十字架把神的公義與慈愛同時成就：罪被審判，人被挽回；因此我們可以在恩典裡得著真正的平安。（聚焦：體貼神意）〔見Lk,Mk,Mt敘事脈絡〕",Mt 16:21-28 | Mk 8:31-9:1 | Lk 9:22-27,Mt 16:21-28,Mk 8:31-9:1,Lk 9:22-27,,,經文明載,經文段落連結,高,高,【M】[彌賽亞預言] 創 12:3; 賽 9:6-7,這些舊約的盼望/意象在耶穌身上被放大成全，指向祂就是神所應許的拯救者。,事件
E-088,秋,約 西元 29 年,高山,登山變像,教導>國度倫理>登山寶訓,榮耀,聽他,權柄、真理、洞察,國度倫理指向天父的完全，但其目的不是令人絕望，而是把人帶到耶穌的完成裡；我們得以在祂的義中安息，而非自我證明。,"（聚焦：聽他） 〔見Lk,Mk,Mt敘事脈絡〕","在「登山變像」中，耶穌以變像揭開神國的真相：國度倫理指向天父的完全，但其目的不是令人絕望，而是把人帶到基督的成全裡；我們得以在祂的義中安息，而非自我證明。（聚焦：聽他）〔見Lk,Mk,Mt敘事脈絡〕",Mt 17:1-13 | Mk 9:2-13 | Lk 9:28-36,Mt 17:1-13,Mk 9:2-13,Lk 9:28-36,,,經文明載,經文段落連結,高,高,,,事件
E-089,秋,約 西元 29 年,山下,醫治鬼附男孩,權能>趕鬼>國度與黑暗權勢對決,信心,禱告趕鬼,權柄、憐憫、剛強,在與邪惡權勢的交鋒中，耶穌為人類打破鎖鏈，讓人不必靠意志硬撐勝過黑暗，因為更強者已經臨到。,"（聚焦：禱告趕鬼） 〔見Lk,Mk,Mt敘事脈絡〕","在「醫治鬼附男孩」中，耶穌以醫治揭開神國的真相：在與邪惡權勢的交鋒中，基督為人類打破鎖鏈，讓人不必靠意志硬撐勝過黑暗，因為更強者已經臨到。（聚焦：禱告趕鬼）〔見Lk,Mk,Mt敘事脈絡〕",Mt 17:14-21 | Mk 9:14-29 | Lk 9:37-43,Mt 17:14-21,Mk 9:14-29,Lk 9:37-43,,,經文明載,經文段落連結,高,高,【M】[彌賽亞預言] 創 3:15; 賽 61:1; 詩 107:13-14,這些舊約的盼望/意象在耶穌身上被放大成全，指向祂就是神所應許的拯救者。,事件
E-090,秋,約 西元 29 年,加利利,第二次預言受難,降生/成長>敘事>救恩歷史開場,順服,人子被交,信實、謙卑、恩典,十字架把神的公義與慈愛同時成就：罪被審判，人被挽回；因此我們可以在白白的愛裡得著真正的平安。,"（聚焦：人子被交） 〔見Lk,Mk,Mt敘事脈絡〕","在「第二次預言受難」中，耶穌以降生與成長揭開神國的真相：十字架把神的公義與慈愛同時成就：罪被審判，人被挽回；因此我們可以在恩典裡得著真正的平安。（聚焦：人子被交）〔見Lk,Mk,Mt敘事脈絡〕",Mt 17:22-23 | Mk 9:30-32 | Lk 9:43-45,Mt 17:22-23,Mk 9:30-32,Lk 9:43-45,,,經文明載,經文段落連結,中,中,【M】[彌賽亞預言] 創 12:3; 賽 9:6-7,這些舊約的盼望/意象在耶穌身上被放大成全，指向祂就是神所應許的拯救者。,事件
E-091,秋,約 西元 29 年,迦百農,繳納聖殿稅,降生/成長>敘事>救恩歷史開場,身分,兒子的自由,信實、謙卑、恩典,救主的故事從家庭、血統與歷史的複雜開始，宣告神能把破碎與污點編進救恩線；因此人的價值不再被出身與過去定義。,（聚焦：兒子的自由） 〔見Mt敘事脈絡〕,在「繳納聖殿稅」中，耶穌以降生與成長揭開神國的真相：救主的故事從家庭、血統與歷史的複雜開始，宣告神能把破碎與污點編進救恩線；因此人的價值不再被出身與過去定義。（聚焦：兒子的自由）〔見Mt敘事脈絡〕,Mt 17:24-27,Mt 17:24-27,,,,,經文明載,福音書順序,低,中,【T】[彌賽亞預言] 創 12:3; 賽 9:6-7,這些舊約的盼望/意象在耶穌身上被放大成全，指向祂就是神所應許的拯救者。,事件
E-092,秋,約 西元 29 年,迦百農,爭論誰為大與包容,教導>衝突/釋經>權柄與真理對話,謙卑,接納小孩,智慧、勇氣、真理,國度倫理指向天父的完全，但其目的不是令人絕望，而是把人帶到耶穌的完成裡；我們得以在祂的義中安息，而非自我證明。,"（聚焦：接納小孩） 〔見Lk,Mk,Mt敘事脈絡〕","在「爭論誰為大與包容」中，耶穌以教導揭開神國的真相：國度倫理指向天父的完全，但其目的不是令人絕望，而是把人帶到基督的成全裡；我們得以在祂的義中安息，而非自我證明。（聚焦：接納小孩）〔見Lk,Mk,Mt敘事脈絡〕",Mt 18:1-14 | Mk 9:33-50 | Lk 9:46-50,Mt 18:1-14,Mk 9:33-50,Lk 9:46-50,,,經文明載,經文段落連結,中,中,【M】[彌賽亞預言] 彌 6:6-8; 詩 51:16-17,這些舊約的盼望/意象在耶穌身上被放大成全，指向祂就是神所應許的拯救者。,事件
E-093,秋,約 西元 29 年,迦百農,教會懲戒與饒恕,敘事>行旅互動>私下教導>門徒價值翻轉,關係,七十個七次,同理、耐心、智慧,在行旅互動裡，耶穌先靠近、先看見、先接住人，顯明神的愛不是對『理想人』才開放；所以被接納先於被改變。,（聚焦：七十個七次） 〔見Mt敘事脈絡〕,在「教會懲戒與饒恕」中，耶穌以行旅互動揭開神國的真相：在行旅互動裡，耶穌先靠近、先看見、先接住人，顯明神的愛不是對『理想人』才開放；所以被接納先於被改變。（聚焦：七十個七次）〔見Mt敘事脈絡〕,Mt 18:15-35,Mt 18:15-35,,,,,經文明載,福音書順序,中,中,【M】[彌賽亞預言] 創 12:3; 詩 23:3,這些舊約的盼望/意象在耶穌身上被放大成全，指向祂就是神所應許的拯救者。,事件
E-094,秋,約 西元 29 年,撒馬利亞邊界,定意面向耶路撒冷,敘事>行旅互動>私下教導>旅程門訓,決心,不降火,同理、耐心、智慧,在行旅互動裡，耶穌先靠近、先看見、先接住人，顯明神的愛不是對『理想人』才開放；所以被接納先於被改變。,（聚焦：不降火） 〔見Lk敘事脈絡〕,在「定意面向耶路撒冷」中，耶穌以行旅互動揭開神國的真相：在行旅互動裡，耶穌先靠近、先看見、先接住人，顯明神的愛不是對『理想人』才開放；所以被接納先於被改變。（聚焦：不降火）〔見Lk敘事脈絡〕,Lk 9:51-56,,,Lk 9:51-56,,,經文明載,地理關聯,高,高,【M】[彌賽亞預言] 創 12:3; 詩 23:3,這些舊約的盼望/意象在耶穌身上被放大成全，指向祂就是神所應許的拯救者。,事件
E-095,秋,約 西元 29 年,路上,跟從主的挑戰,門訓>呼召>跟從與塑造,代價,枕頭,耐心、洞察、權柄,呼召與塑造先從『與主同在』開始，而非先要求產出；耶穌先把不合格的人納入關係，顯明救恩不是精英挑選，而是白白的愛聚集。,"（聚焦：枕頭） 〔見Lk,Mt敘事脈絡〕","在「跟從主的挑戰」中，耶穌以呼召與塑造揭開神國的真相：呼召與塑造先從『與主同在』開始，而非先要求產出；耶穌先把不合格的人納入關係，顯明救恩不是精英挑選，而是恩典聚集。（聚焦：枕頭）〔見Lk,Mt敘事脈絡〕",Mt 8:18-22 | Lk 9:57-62,Mt 8:18-22,,Lk 9:57-62,,,經文明載,經文段落連結,低,中,,,事件
E-096,秋,約 西元 29 年,往各城,差遣七十人,門訓>宣教>差遣與權柄,宣教,羊入狼群,信任、勇氣、使命感,呼召與塑造先從『與主同在』開始，而非先要求產出；耶穌先把不合格的人納入關係，顯明救恩不是精英挑選，而是白白的愛聚集。,（聚焦：羊入狼群） 〔見Lk敘事脈絡〕,在「差遣七十人」中，耶穌以差遣揭開神國的真相：呼召與塑造先從『與主同在』開始，而非先要求產出；耶穌先把不合格的人納入關係，顯明救恩不是精英挑選，而是恩典聚集。（聚焦：羊入狼群）〔見Lk敘事脈絡〕,Lk 10:1-16,,,Lk 10:1-16,,,經文明載,福音書順序,低,中,【M】[彌賽亞預言] 賽 6:8; 出 3:12,這些舊約的盼望/意象在耶穌身上被放大成全，指向祂就是神所應許的拯救者。,事件
E-097,秋,約 西元 29 年,往各城,七十人回歸,門訓>呼召>跟從與塑造,得勝,名記天上,耐心、洞察、權柄,差遣不是在救火，因為耶穌已先完成工作；我們只要跟上祂已啟動的國度，不用替祂補缺。,（聚焦：名記天上） 〔見Lk敘事脈絡〕,在「七十人回歸」中，耶穌以呼召與塑造揭開神國的真相：差遣不是補救計畫，而是因基督已先完成工作；我們被邀請參與祂已啟動的國度，而不是替祂補上缺口。（聚焦：名記天上）〔見Lk敘事脈絡〕,Lk 10:17-20,,,Lk 10:17-20,,,經文明載,福音書順序,低,中,,,事件
E-098,秋,約 西元 29 年,路上,耶穌被聖靈感動歡樂,敘事>行旅互動>私下教導>門徒價值翻轉,啟示,嬰孩 (平行僅涵蓋11:25-27；11:28-30為馬太獨有),同理、耐心、智慧,衝突與冒犯揭露人對白白的愛的抗拒，但耶穌仍堅持把真理帶到人面前；因此救恩不是迎合，而是拯救。,"（聚焦：嬰孩 (平行僅涵蓋11:25-27；11:28-30為馬太獨有)） 〔見Lk,Mt敘事脈絡〕","在「耶穌被聖靈感動歡樂」中，耶穌以行旅互動揭開神國的真相：衝突與冒犯揭露人對恩典的抗拒，但耶穌仍堅持把真理帶到人面前；因此救恩不是迎合，而是拯救。（聚焦：嬰孩 (平行僅涵蓋11:25-27；11:28-30為馬太獨有)）〔見Lk,Mt敘事脈絡〕",Mt 11:25-30 | Lk 10:21-24,Mt 11:25-30,,Lk 10:21-24,,,經文明載,經文段落連結,低,中,【M】[彌賽亞預言] 創 12:3; 詩 23:3,這些舊約的盼望/意象在耶穌身上被放大成全，指向祂就是神所應許的拯救者。,事件
E-099,秋,約 西元 29 年,路旁,好撒瑪利亞人,敘事>行旅互動>衝突與冒犯,愛鄰舍,去照樣行,同理、耐心、智慧,這段敘事把人的需要與耶穌的同在放在一起，宣告救恩不是抽象理念，而是神在具體處境中主動施恩。,（聚焦：去照樣行） 〔見Lk敘事脈絡〕,在「好撒瑪利亞人」中，耶穌以行旅互動揭開神國的真相：這段敘事把人的需要與耶穌的同在放在一起，宣告救恩不是抽象理念，而是神在具體處境中主動施恩。（聚焦：去照樣行）〔見Lk敘事脈絡〕,Lk 10:25-37,,,Lk 10:25-37,,,經文明載,福音書順序,中,中,【M】[彌賽亞預言] 創 12:3; 詩 23:3,這些舊約的盼望/意象在耶穌身上被放大成全，指向祂就是神所應許的拯救者。,事件
E-100,秋,約 西元 29 年,伯大尼,馬大與馬利亞,降生>敬拜>尊主頌與恩典反轉,優先次序,上好福分,敬畏、喜樂、信靠,道成肉身不是遠距援助，而是神親自走進人的有限與羞恥裡，讓人不必先整理好人生才配得靠近祂。,（聚焦：上好福分） 〔見Lk敘事脈絡〕,在「馬大與馬利亞」中，耶穌以降生揭開神國的真相：道成肉身不是遠距援助，而是神親自走進人的有限與羞恥裡，讓人不必先整理好人生才配得靠近祂。（聚焦：上好福分）〔見Lk敘事脈絡〕,Lk 10:38-42,,,Lk 10:38-42,,,邏輯推論,地理關聯,低,中,,,事件
E-101,秋,約 西元 29 年,耶路撒冷,住棚節:兄弟的挑戰與暗去,敘事>行旅互動>衝突與冒犯,顯揚,時候未到,同理、耐心、智慧,在行旅互動裡，耶穌先靠近、先看見、先接住人，顯明神的愛不是對『理想人』才開放；所以被接納先於被改變。,（聚焦：時候未到） 〔見Jn敘事脈絡〕,在「住棚節:兄弟的挑戰與暗去」中，耶穌以行旅互動揭開神國的真相：在行旅互動裡，耶穌先靠近、先看見、先接住人，顯明神的愛不是對『理想人』才開放；所以被接納先於被改變。（聚焦：時候未到）〔見Jn敘事脈絡〕,Jn 7:1-13,,,,Jn 7:1-13,,經文明載,節期標記,高,高,【M】[彌賽亞預言] 創 12:3; 詩 23:3,這些舊約的盼望/意象在耶穌身上被放大成全，指向祂就是神所應許的拯救者。,事件
E-102,秋,約 西元 29 年,耶路撒冷,住棚節:節期中的教導,教導>衝突/釋經>權柄與真理對話,權柄,憑神意行,智慧、勇氣、真理,耶穌的教導不是把人推向更高道德KPI，而是揭露人無力自救，逼人轉向白白的愛；因此順服不是交換救恩，而是被拯救後的新生活。,（聚焦：憑神意行） 〔見Jn敘事脈絡〕,在「住棚節:節期中的教導」中，耶穌以教導揭開神國的真相：耶穌的教導不是把人推向更高道德KPI，而是揭露人無力自救，逼人轉向恩典；因此順服不是交換救恩，而是被拯救後的新生活。（聚焦：憑神意行）〔見Jn敘事脈絡〕,Jn 7:14-36,,,,Jn 7:14-36,,經文明載,福音書順序,高,高,【M】[彌賽亞預言] 彌 6:6-8; 詩 51:16-17,這些舊約的盼望/意象在耶穌身上被放大成全，指向祂就是神所應許的拯救者。,事件
E-103,秋,約 西元 29 年,耶路撒冷,住棚節:末日的大聲宣告,敘事>行旅互動>衝突與冒犯,聖靈,渴了來喝,同理、耐心、智慧,衝突與冒犯揭露人對白白的愛的抗拒，但耶穌仍堅持把真理帶到人面前；因此救恩不是迎合，而是拯救。,（聚焦：渴了來喝） 〔見Jn敘事脈絡〕,在「住棚節:末日的大聲宣告」中，耶穌以行旅互動揭開神國的真相：衝突與冒犯揭露人對恩典的抗拒，但耶穌仍堅持把真理帶到人面前；因此救恩不是迎合，而是拯救。（聚焦：渴了來喝）〔見Jn敘事脈絡〕,Jn 7:37-52,,,,Jn 7:37-52,,經文明載,福音書順序,高,高,【M】[彌賽亞預言] 創 12:3; 詩 23:3,這些舊約的盼望/意象在耶穌身上被放大成全，指向祂就是神所應許的拯救者。,事件
E-104,秋,約 西元 29 年,聖殿,行淫婦人,,恩典,誰沒有罪(教義論證不可單賴此處),,此列屬後設/序言：神已在話語中主動啟示並定義耶穌，為整個救恩敘事奠基，使信心建立在神先說話的白白的愛上。,（聚焦：誰沒有罪(教義論證不可單賴此處)） 〔見Jn敘事脈絡〕,在「行淫婦人」中，耶穌以宣告揭開神國的真相：此列屬後設/序言：神已在話語中主動啟示並定義基督，為整個救恩敘事奠基，使信心建立在神先說話的恩典上。（聚焦：誰沒有罪(教義論證不可單賴此處)）〔見Jn敘事脈絡〕,Jn 7:53-8:11,,,,Jn 7:53-8:11,,存在爭議,學術共識,低,低,,,經文鑑別
E-105,秋,約 西元 29 年,聖殿,真理必叫人自由,敘事>行旅互動>衝突與冒犯,真理,我是,同理、耐心、智慧,在行旅互動裡，耶穌先靠近、先看見、先接住人，顯明神的愛不是對『理想人』才開放；所以被接納先於被改變。,（聚焦：我是） 〔見Jn敘事脈絡〕,在「真理必叫人自由」中，耶穌以行旅互動揭開神國的真相：在行旅互動裡，耶穌先靠近、先看見、先接住人，顯明神的愛不是對『理想人』才開放；所以被接納先於被改變。（聚焦：我是）〔見Jn敘事脈絡〕,Jn 8:12-59,,,,Jn 8:12-59,,經文明載,福音書順序,高,高,【M】[彌賽亞預言] 創 12:3; 詩 23:3,這些舊約的盼望/意象在耶穌身上被放大成全，指向祂就是神所應許的拯救者。,事件
E-106,秋,約 西元 29 年,耶路撒冷,醫治生來瞎眼者,神蹟>醫治>開眼與光照,光明,看見與瞎眼,憐憫、耐心、權柄,神蹟不是展示能力，而是宣告天國已臨到；耶穌先把破碎的人修復，讓人明白：白白的愛不是獎賞，而是醫治與更新的起頭。,（聚焦：看見與瞎眼） 〔見Jn敘事脈絡〕,在「醫治生來瞎眼者」中，耶穌以醫治揭開神國的真相：神蹟不是展示能力，而是宣告天國已臨到；耶穌先把破碎的人修復，讓人明白：恩典不是獎賞，而是醫治與更新的起頭。（聚焦：看見與瞎眼）〔見Jn敘事脈絡〕,Jn 9:1-41,,,,Jn 9:1-41,,經文明載,福音書順序,高,高,【M】[彌賽亞預言] 賽 35:5-6; 賽 42:6-7,這些舊約的盼望/意象在耶穌身上被放大成全，指向祂就是神所應許的拯救者。,事件
E-107,秋,約 西元 29 年,耶路撒冷,好牧人論,教導>衝突/釋經>權柄與真理對話,牧養,捨命,智慧、勇氣、真理,耶穌的教導不是把人推向更高道德KPI，而是揭露人無力自救，逼人轉向白白的愛；因此順服不是交換救恩，而是被拯救後的新生活。,（聚焦：捨命） 〔見Jn敘事脈絡〕,在「好牧人論」中，耶穌以教導揭開神國的真相：耶穌的教導不是把人推向更高道德KPI，而是揭露人無力自救，逼人轉向恩典；因此順服不是交換救恩，而是被拯救後的新生活。（聚焦：捨命）〔見Jn敘事脈絡〕,Jn 10:1-21,,,,Jn 10:1-21,,經文明載,福音書順序,高,高,【M】[彌賽亞預言] 彌 6:6-8; 詩 51:16-17,這些舊約的盼望/意象在耶穌身上被放大成全，指向祂就是神所應許的拯救者。,事件
E-108,秋,約 西元 29 年,猶大/比利亞,主禱文與情詞迫切,教導>靈修>禱告與父的親近,禱告,求必得著,溫柔、信靠、引導,教導把真理放進人的日常，指出真正的自由來自與耶穌連結；救恩不是靠知識累積，因為祂已把我們帶進新身份。,（聚焦：求必得著） 〔見Lk敘事脈絡〕,在「主禱文與情詞迫切」中，耶穌以教導揭開神國的真相：教導把真理放進人的日常，指出真正的自由來自與基督連結；救恩不是靠知識累積，而是因祂已把我們帶進新身份。（聚焦：求必得著）〔見Lk敘事脈絡〕,Lk 11:1-13,,,Lk 11:1-13,,,經文明載,福音書順序,低,中,,,事件
E-109,秋,約 西元 29 年,眾人中,聽道遵行的人有福,敘事>行旅互動>私下教導>門徒價值翻轉,真福,遵行神道,同理、耐心、智慧,衝突與冒犯揭露人對白白的愛的抗拒，但耶穌仍堅持把真理帶到人面前；因此救恩不是迎合，而是拯救。,（聚焦：遵行神道） 〔見Lk敘事脈絡〕,在「聽道遵行的人有福」中，耶穌以行旅互動揭開神國的真相：衝突與冒犯揭露人對恩典的抗拒，但耶穌仍堅持把真理帶到人面前；因此救恩不是迎合，而是拯救。（聚焦：遵行神道）〔見Lk敘事脈絡〕,Lk 11:27-28,,,Lk 11:27-28,,,經文明載,福音書順序,低,中,【M】[彌賽亞預言] 創 12:3; 詩 23:3,這些舊約的盼望/意象在耶穌身上被放大成全，指向祂就是神所應許的拯救者。,事件
E-110,秋,約 西元 29 年,眾人中,約拿的神蹟與責備不信,神蹟>記號>權能顯明彌賽亞,徵兆,復活的預告,權柄、憐憫、信實,耶穌的權能穿透疾病與限制，預先給世界一個『新創造』的樣本；因此盼望不靠情緒撐住，而靠祂已介入的事實。,"（聚焦：復活的預告） 〔見Lk,Mt敘事脈絡〕","在「約拿的神蹟與責備不信」中，耶穌以神蹟揭開神國的真相：基督的權能穿透疾病與限制，預先給世界一個『新創造』的樣本；因此盼望不靠情緒撐住，而靠祂已介入的事實。（聚焦：復活的預告）〔見Lk,Mt敘事脈絡〕",Mt 12:38-42 | Lk 11:29-32,Mt 12:38-42,,Lk 11:29-32,,,經文明載,經文段落連結,中,中,【M】[彌賽亞預言] 賽 35:5-6; 賽 61:1,這些舊約的盼望/意象在耶穌身上被放大成全，指向祂就是神所應許的拯救者。,事件
E-111,秋,約 西元 29 年,法利賽人家,法利賽人之禍(路加),教導>衝突/釋經>權柄與真理對話,假冒為善,杯盤外潔淨,智慧、勇氣、真理,國度倫理指向天父的完全，但其目的不是令人絕望，而是把人帶到耶穌的完成裡；我們得以在祂的義中安息，而非自我證明。,（聚焦：杯盤外潔淨） 〔見Lk敘事脈絡〕,在「法利賽人之禍(路加)」中，耶穌以教導揭開神國的真相：國度倫理指向天父的完全，但其目的不是令人絕望，而是把人帶到基督的成全裡；我們得以在祂的義中安息，而非自我證明。（聚焦：杯盤外潔淨）〔見Lk敘事脈絡〕,Lk 11:37-54,,,Lk 11:37-54,,,經文明載,福音書順序,中,中,【M】[彌賽亞預言] 彌 6:6-8; 詩 51:16-17,這些舊約的盼望/意象在耶穌身上被放大成全，指向祂就是神所應許的拯救者。,事件
E-112,秋,約 西元 29 年,眾人中,防備法利賽人的酵與認主,教導>衝突/釋經>權柄與真理對話,敬畏神,不要怕人,智慧、勇氣、真理,教導把真理放進人的日常，指出真正的自由來自與耶穌連結；救恩不是靠知識累積，因為祂已把我們帶進新身份。,（聚焦：不要怕人） 〔見Lk敘事脈絡〕,在「防備法利賽人的酵與認主」中，耶穌以教導揭開神國的真相：教導把真理放進人的日常，指出真正的自由來自與基督連結；救恩不是靠知識累積，而是因祂已把我們帶進新身份。（聚焦：不要怕人）〔見Lk敘事脈絡〕,Lk 12:1-12,,,Lk 12:1-12,,,經文明載,福音書順序,中,中,【M】[彌賽亞預言] 彌 6:6-8; 詩 51:16-17,這些舊約的盼望/意象在耶穌身上被放大成全，指向祂就是神所應許的拯救者。,事件
E-113,秋,約 西元 29 年,猶大/比利亞,無知財主的比喻,比喻>教導>天國價值反轉,生命價值,貪婪,智慧、洞察、真理,藉著比喻，耶穌顛覆『配得』的邏輯，讓人看見：在上帝的國度/掌權裡，被愛先於改變，改變因此成為回應而非條件。,（聚焦：貪婪） 〔見Lk敘事脈絡〕,在「無知財主的比喻」中，耶穌以比喻揭開神國的真相：藉著比喻，耶穌顛覆『配得』的邏輯，讓人看見：在神國裡，被愛先於改變，改變因此成為回應而非條件。（聚焦：貪婪）〔見Lk敘事脈絡〕,Lk 12:13-21,,,Lk 12:13-21,,,經文明載,福音書順序,低,中,【M】[彌賽亞預言] 賽 55:8-9,這些舊約的盼望/意象在耶穌身上被放大成全，指向祂就是神所應許的拯救者。,事件
E-114,秋,約 西元 29 年,眾人中,不要憂慮與積財在天,敘事>行旅互動>私下教導>門徒價值翻轉,信靠,先求神國,同理、耐心、智慧,這段敘事把人的需要與耶穌的同在放在一起，宣告救恩不是抽象理念，而是神在具體處境中主動施恩。,（聚焦：先求神國） 〔見Lk敘事脈絡〕,在「不要憂慮與積財在天」中，耶穌以行旅互動揭開神國的真相：這段敘事把人的需要與耶穌的同在放在一起，宣告救恩不是抽象理念，而是神在具體處境中主動施恩。（聚焦：先求神國）〔見Lk敘事脈絡〕,Lk 12:22-34,,,Lk 12:22-34,,,經文明載,福音書順序,低,中,【M】[彌賽亞預言] 創 12:3; 詩 23:3,這些舊約的盼望/意象在耶穌身上被放大成全，指向祂就是神所應許的拯救者。,事件
E-115,秋,約 西元 29 年,眾人中,警醒等候與分辨時候,敘事>行旅互動>私下教導>末世警醒,末世倫理,忠心僕人,同理、耐心、智慧,衝突與冒犯揭露人對白白的愛的抗拒，但耶穌仍堅持把真理帶到人面前；因此救恩不是迎合，而是拯救。,（聚焦：忠心僕人） 〔見Lk敘事脈絡〕,在「警醒等候與分辨時候」中，耶穌以行旅互動揭開神國的真相：衝突與冒犯揭露人對恩典的抗拒，但耶穌仍堅持把真理帶到人面前；因此救恩不是迎合，而是拯救。（聚焦：忠心僕人）〔見Lk敘事脈絡〕,Lk 12:35-59,,,Lk 12:35-59,,,經文明載,福音書順序,中,中,【M】[彌賽亞預言] 創 12:3; 詩 23:3,這些舊約的盼望/意象在耶穌身上被放大成全，指向祂就是神所應許的拯救者。,事件
E-116,秋,約 西元 29 年,眾人中,悔改與無花果樹,神蹟>先知性行動>咒詛無花果(審判假敬虔),悔改,西羅亞樓,公義、聖潔、勇氣,神蹟不是展示能力，而是宣告天國已臨到；耶穌先把破碎的人修復，讓人明白：白白的愛不是獎賞，而是醫治與更新的起頭。,（聚焦：西羅亞樓） 〔見Lk敘事脈絡〕,在「悔改與無花果樹」中，耶穌以神蹟揭開神國的真相：神蹟不是展示能力，而是宣告天國已臨到；耶穌先把破碎的人修復，讓人明白：恩典不是獎賞，而是醫治與更新的起頭。（聚焦：西羅亞樓）〔見Lk敘事脈絡〕,Lk 13:1-9,,,Lk 13:1-9,,,經文明載,福音書順序,低,低,【M】[彌賽亞預言] 何 9:10; 彌 7:1,這些舊約的盼望/意象在耶穌身上被放大成全，指向祂就是神所應許的拯救者。,事件
E-117,秋,約 西元 29 年,會堂,不結果無花果與醫治,神蹟>醫治>身體復原與整全,悔改,寬容,憐憫、權柄、溫柔,神蹟不是展示能力，而是宣告天國已臨到；耶穌先把破碎的人修復，讓人明白：白白的愛不是獎賞，而是醫治與更新的起頭。,（聚焦：寬容） 〔見Lk敘事脈絡〕,在「不結果無花果與醫治」中，耶穌以醫治揭開神國的真相：神蹟不是展示能力，而是宣告天國已臨到；耶穌先把破碎的人修復，讓人明白：恩典不是獎賞，而是醫治與更新的起頭。（聚焦：寬容）〔見Lk敘事脈絡〕,Lk 13:10-17,,,Lk 13:10-17,,,經文明載,福音書順序,低,中,【M】[彌賽亞預言] 賽 35:5-6; 賽 53:4-5,這些舊約的盼望/意象在耶穌身上被放大成全，指向祂就是神所應許的拯救者。,事件
E-118,秋,約 西元 29 年,比利亞,芥菜種與麵酵(路加),敘事>行旅互動>私下教導>天國比喻,神國擴展,雖小必大,同理、耐心、智慧,衝突與冒犯揭露人對白白的愛的抗拒，但耶穌仍堅持把真理帶到人面前；因此救恩不是迎合，而是拯救。,（聚焦：雖小必大） 〔見Lk敘事脈絡〕,在「芥菜種與麵酵(路加)」中，耶穌以行旅互動揭開神國的真相：衝突與冒犯揭露人對恩典的抗拒，但耶穌仍堅持把真理帶到人面前；因此救恩不是迎合，而是拯救。（聚焦：雖小必大）〔見Lk敘事脈絡〕,Lk 13:18-21,,,Lk 13:18-21,,,經文明載,福音書順序,低,低,【M】[彌賽亞預言] 創 12:3; 詩 23:3,這些舊約的盼望/意象在耶穌身上被放大成全，指向祂就是神所應許的拯救者。,事件
E-119,秋,約 西元 29 年,耶路撒冷,修殿節宣告,啟示>序言>道成肉身與光,神性,我與父為一,榮耀、真理、恩典,耶穌的身分在任何人的回應之前先被宣告，顯明被接納不是績效換來，而是白白的愛先行。,（聚焦：我與父為一） 〔見Jn敘事脈絡〕,在「修殿節宣告」中，耶穌以啟示揭開神國的真相：耶穌的身分在任何人的回應之前先被宣告，顯明被接納不是績效換來，而是恩典先行。（聚焦：我與父為一）〔見Jn敘事脈絡〕,Jn 10:22-39,,,,Jn 10:22-39,,經文明載,節期標記,高,高,【M】[彌賽亞預言] 創 1:1-3; 出 34:6; 賽 9:2,這些舊約的盼望/意象在耶穌身上被放大成全，指向祂就是神所應許的拯救者。,事件
E-120,秋,約 西元 30 年,比利亞,窄門與為城哀嘆,敘事>行旅互動>私下教導>末世警醒,救恩,努力進門,同理、耐心、智慧,這段敘事把人的需要與耶穌的同在放在一起，宣告救恩不是抽象理念，而是神在具體處境中主動施恩。,（聚焦：努力進門） 〔見Lk敘事脈絡〕,在「窄門與為城哀嘆」中，耶穌以行旅互動揭開神國的真相：這段敘事把人的需要與耶穌的同在放在一起，宣告救恩不是抽象理念，而是神在具體處境中主動施恩。（聚焦：努力進門）〔見Lk敘事脈絡〕,Lk 13:22-35,,,Lk 13:22-35,,,經文明載,福音書順序,低,中,【M】[彌賽亞預言] 創 12:3; 詩 23:3,這些舊約的盼望/意象在耶穌身上被放大成全，指向祂就是神所應許的拯救者。,事件
E-121,秋,約 西元 30 年,法利賽人家,在安息日醫治水臌,神蹟>醫治>身體復原與整全,安息日,憐憫,憐憫、權柄、溫柔,耶穌的權能穿透疾病與限制，預先給世界一個『新創造』的樣本；因此盼望不靠情緒撐住，而靠祂已介入的事實。,（聚焦：憐憫） 〔見Lk敘事脈絡〕,在「在安息日醫治水臌」中，耶穌以醫治揭開神國的真相：基督的權能穿透疾病與限制，預先給世界一個『新創造』的樣本；因此盼望不靠情緒撐住，而靠祂已介入的事實。（聚焦：憐憫）〔見Lk敘事脈絡〕,Lk 14:1-6,,,Lk 14:1-6,,,經文明載,福音書順序,中,中,【M】[彌賽亞預言] 賽 35:5-6; 賽 53:4-5,這些舊約的盼望/意象在耶穌身上被放大成全，指向祂就是神所應許的拯救者。,事件
E-122,秋,約 西元 30 年,法利賽人家,謙卑與大筵席的比喻,比喻>教導>天國價值反轉,謙卑,請那不能報答的,智慧、洞察、真理,天國比喻揭露人心的算計，並把焦點轉向神的主動施恩；救恩不是人尋找神的功勞，而是神尋回人的行動。,（聚焦：請那不能報答的） 〔見Lk敘事脈絡〕,在「謙卑與大筵席的比喻」中，耶穌以比喻揭開神國的真相：天國比喻揭露人心的算計，並把焦點轉向神的主動施恩；救恩不是人尋找神的功勞，而是神尋回人的行動。（聚焦：請那不能報答的）〔見Lk敘事脈絡〕,Lk 14:7-24,,,Lk 14:7-24,,,經文明載,福音書順序,中,中,【M】[彌賽亞預言] 賽 55:8-9,這些舊約的盼望/意象在耶穌身上被放大成全，指向祂就是神所應許的拯救者。,事件
E-123,秋,約 西元 30 年,路上,作門徒的代價,門訓>呼召>跟從與塑造,計算,背十架,耐心、洞察、權柄,門徒的跌倒與遲鈍沒有終止救恩，反而凸顯耶穌的保守；因此盼望不建立在人的穩定度，而建立在祂的信實。,（聚焦：背十架） 〔見Lk敘事脈絡〕,在「作門徒的代價」中，耶穌以呼召與塑造揭開神國的真相：門徒的跌倒與遲鈍沒有終止救恩，反而凸顯基督的保守；因此盼望不建立在人的穩定度，而建立在祂的信實。（聚焦：背十架）〔見Lk敘事脈絡〕,Lk 14:25-35,,,Lk 14:25-35,,,經文明載,福音書順序,低,中,,,事件
E-124,秋,約 西元 30 年,聚會處,失落三比喻,比喻>教導>天國價值反轉,父愛,浪子回頭,智慧、洞察、真理,天國比喻揭露人心的算計，並把焦點轉向神的主動施恩；救恩不是人尋找神的功勞，而是神尋回人的行動。,（聚焦：浪子回頭） 〔見Lk敘事脈絡〕,在「失落三比喻」中，耶穌以比喻揭開神國的真相：天國比喻揭露人心的算計，並把焦點轉向神的主動施恩；救恩不是人尋找神的功勞，而是神尋回人的行動。（聚焦：浪子回頭）〔見Lk敘事脈絡〕,Lk 15:1-32,,,Lk 15:1-32,,,經文明載,福音書順序,高,高,【M】[彌賽亞預言] 賽 55:8-9,這些舊約的盼望/意象在耶穌身上被放大成全，指向祂就是神所應許的拯救者。,事件
E-125,秋,約 西元 30 年,聚會處,不義管家與財主拉撒路,神蹟>復活>死亡權勢被破,永恆觀,錢財管家,憐憫、大能、同理,耶穌的權能穿透疾病與限制，預先給世界一個『新創造』的樣本；因此盼望不靠情緒撐住，而靠祂已介入的事實。,（聚焦：錢財管家） 〔見Lk敘事脈絡〕,在「不義管家與財主拉撒路」中，耶穌以神蹟揭開神國的真相：基督的權能穿透疾病與限制，預先給世界一個『新創造』的樣本；因此盼望不靠情緒撐住，而靠祂已介入的事實。（聚焦：錢財管家）〔見Lk敘事脈絡〕,Lk 16:1-31,,,Lk 16:1-31,,,經文明載,福音書順序,中,中,【M】[彌賽亞預言] 王上 17:17-24; 王下 4:32-37; 賽 25:8; 但 12:2,這些舊約的盼望/意象在耶穌身上被放大成全，指向祂就是神所應許的拯救者。,事件
E-126,秋,約 西元 30 年,猶大,絆倒人與僕人本分,敘事>行旅互動>私下教導>門徒價值翻轉,饒恕,信心像芥種,同理、耐心、智慧,衝突與冒犯揭露人對白白的愛的抗拒，但耶穌仍堅持把真理帶到人面前；因此救恩不是迎合，而是拯救。,（聚焦：信心像芥種） 〔見Lk敘事脈絡〕,在「絆倒人與僕人本分」中，耶穌以行旅互動揭開神國的真相：衝突與冒犯揭露人對恩典的抗拒，但耶穌仍堅持把真理帶到人面前；因此救恩不是迎合，而是拯救。（聚焦：信心像芥種）〔見Lk敘事脈絡〕,Lk 17:1-6,,,Lk 17:1-6,,,經文明載,福音書順序,低,中,【M】[彌賽亞預言] 創 12:3; 詩 23:3,這些舊約的盼望/意象在耶穌身上被放大成全，指向祂就是神所應許的拯救者。,事件
E-127,秋,約 西元 30 年,猶大,無用的僕人,敘事>行旅互動>私下教導>門徒價值翻轉,服事,只作應分作的,同理、耐心、智慧,衝突與冒犯揭露人對白白的愛的抗拒，但耶穌仍堅持把真理帶到人面前；因此救恩不是迎合，而是拯救。,（聚焦：只作應分作的） 〔見Lk敘事脈絡〕,在「無用的僕人」中，耶穌以行旅互動揭開神國的真相：衝突與冒犯揭露人對恩典的抗拒，但耶穌仍堅持把真理帶到人面前；因此救恩不是迎合，而是拯救。（聚焦：只作應分作的）〔見Lk敘事脈絡〕,Lk 17:7-10,,,Lk 17:7-10,,,經文明載,福音書順序,低,低,【M】[彌賽亞預言] 創 12:3; 詩 23:3,這些舊約的盼望/意象在耶穌身上被放大成全，指向祂就是神所應許的拯救者。,事件
E-128,秋,約 西元 30 年,伯大尼,拉撒路復活,復活>得勝>死亡被吞滅,復活,我就是復活,大能、盼望、信實,耶穌復活不是對失敗者的鼓勵口號，而是對世界秩序的改寫：罪與死亡的權勢已被打破，新的生命已被啟動。,（聚焦：我就是復活） 〔見Jn敘事脈絡〕,在「拉撒路復活」中，耶穌以復活揭開神國的真相：耶穌復活不是對失敗者的鼓勵口號，而是對世界秩序的改寫：罪與死亡的權勢已被打破，新的生命已被啟動。（聚焦：我就是復活）〔見Jn敘事脈絡〕,Jn 11:1-44,,,,Jn 11:1-44,,經文明載,節期標記,高,高,【M】[彌賽亞預言] 詩 16:10; 何 6:2; 賽 25:8,這些舊約的盼望/意象在耶穌身上被放大成全，指向祂就是神所應許的拯救者。,事件
E-129,秋,約 西元 30 年,以法蓮,殺機確立與退避,啟示>序言>道成肉身與光,代贖,一人替死,榮耀、真理、恩典,神先向人揭露耶穌的真實身分，救恩的起點不是人找到神，而是神把自己給人看見，讓信心有可依據的對象。,（聚焦：一人替死） 〔見Jn敘事脈絡〕,在「殺機確立與退避」中，耶穌以啟示揭開神國的真相：神先向人揭露基督的真實身分，救恩的起點不是人找到神，而是神把自己給人看見，讓信心有可依據的對象。（聚焦：一人替死）〔見Jn敘事脈絡〕,Jn 11:45-57,,,,Jn 11:45-57,,經文明載,福音書順序,高,高,【M】[彌賽亞預言] 創 1:1-3; 出 34:6; 賽 9:2,這些舊約的盼望/意象在耶穌身上被放大成全，指向祂就是神所應許的拯救者。,事件
E-130,秋,約 西元 30 年,撒馬利亞邊界,十個痲瘋病人,神蹟>醫治>潔淨痲瘋與恢復群體,感恩,外邦人歸榮,憐憫、接納、勇氣,在醫治/恢復裡，耶穌把人從失能與羞恥中領回整全；救恩不只是靈魂口號，而是神親自恢復人被奪走的生命。,（聚焦：外邦人歸榮） 〔見Lk敘事脈絡〕,在「十個痲瘋病人」中，耶穌以神蹟揭開神國的真相：在醫治/恢復裡，耶穌把人從失能與羞恥中領回整全；救恩不只是靈魂口號，而是神親自恢復人被奪走的生命。（聚焦：外邦人歸榮）〔見Lk敘事脈絡〕,Lk 17:11-19,,,Lk 17:11-19,,,經文明載,地理關聯,低,中,【M】[彌賽亞預言] 利 13–14; 賽 53:4,這些舊約的盼望/意象在耶穌身上被放大成全，指向祂就是神所應許的拯救者。,事件
E-131,秋,約 西元 30 年,比利亞,人子日子的來到,敘事>行旅互動>私下教導>末世警醒,末世,神國在心裡,同理、耐心、智慧,衝突與冒犯揭露人對白白的愛的抗拒，但耶穌仍堅持把真理帶到人面前；因此救恩不是迎合，而是拯救。,（聚焦：神國在心裡） 〔見Lk敘事脈絡〕,在「人子日子的來到」中，耶穌以行旅互動揭開神國的真相：衝突與冒犯揭露人對恩典的抗拒，但耶穌仍堅持把真理帶到人面前；因此救恩不是迎合，而是拯救。（聚焦：神國在心裡）〔見Lk敘事脈絡〕,Lk 17:20-37,,,Lk 17:20-37,,,經文明載,福音書順序,中,中,【M】[彌賽亞預言] 創 12:3; 詩 23:3,這些舊約的盼望/意象在耶穌身上被放大成全，指向祂就是神所應許的拯救者。,事件
E-132,秋,約 西元 30 年,比利亞,寡婦與切求的禱告,教導>靈修>禱告與父的親近,恆切禱告,不灰心,溫柔、信靠、引導,耶穌的教導不是把人推向更高道德KPI，而是揭露人無力自救，逼人轉向白白的愛；因此順服不是交換救恩，而是被拯救後的新生活。,（聚焦：不灰心） 〔見Lk敘事脈絡〕,在「寡婦與切求的禱告」中，耶穌以教導揭開神國的真相：耶穌的教導不是把人推向更高道德KPI，而是揭露人無力自救，逼人轉向恩典；因此順服不是交換救恩，而是被拯救後的新生活。（聚焦：不灰心）〔見Lk敘事脈絡〕,Lk 18:1-8,,,Lk 18:1-8,,,經文明載,福音書順序,低,中,,,事件
E-133,秋,約 西元 30 年,聖殿(比喻),法利賽人與稅吏禱告,教導>靈修>禱告與父的親近,稱義,自卑與自高,溫柔、信靠、引導,國度倫理指向天父的完全，但其目的不是令人絕望，而是把人帶到耶穌的完成裡；我們得以在祂的義中安息，而非自我證明。,（聚焦：自卑與自高） 〔見Lk敘事脈絡〕,在「法利賽人與稅吏禱告」中，耶穌以教導揭開神國的真相：國度倫理指向天父的完全，但其目的不是令人絕望，而是把人帶到基督的成全裡；我們得以在祂的義中安息，而非自我證明。（聚焦：自卑與自高）〔見Lk敘事脈絡〕,Lk 18:9-14,,,Lk 18:9-14,,,經文明載,福音書順序,低,中,,,事件
E-134,秋,約 西元 30 年,猶大,休妻與祝福小孩,敘事>行旅互動>私下教導>門徒價值翻轉,婚姻,神配合,同理、耐心、智慧,衝突與冒犯揭露人對白白的愛的抗拒，但耶穌仍堅持把真理帶到人面前；因此救恩不是迎合，而是拯救。,"（聚焦：神配合） 〔見Lk,Mk,Mt敘事脈絡〕","在「休妻與祝福小孩」中，耶穌以行旅互動揭開神國的真相：衝突與冒犯揭露人對恩典的抗拒，但耶穌仍堅持把真理帶到人面前；因此救恩不是迎合，而是拯救。（聚焦：神配合）〔見Lk,Mk,Mt敘事脈絡〕",Mt 19:1-15 | Mk 10:1-16 | Lk 18:15-17,Mt 19:1-15,Mk 10:1-16,Lk 18:15-17,,,經文明載,經文段落連結,低,中,【M】[彌賽亞預言] 創 12:3; 詩 23:3,這些舊約的盼望/意象在耶穌身上被放大成全，指向祂就是神所應許的拯救者。,事件
E-135,秋,約 西元 30 年,路上,少年官與財富,敘事>行旅互動>私下教導>門徒價值翻轉,偶像,駱駝穿針,同理、耐心、智慧,衝突與冒犯揭露人對白白的愛的抗拒，但耶穌仍堅持把真理帶到人面前；因此救恩不是迎合，而是拯救。,"（聚焦：駱駝穿針） 〔見Lk,Mk,Mt敘事脈絡〕","在「少年官與財富」中，耶穌以行旅互動揭開神國的真相：衝突與冒犯揭露人對恩典的抗拒，但耶穌仍堅持把真理帶到人面前；因此救恩不是迎合，而是拯救。（聚焦：駱駝穿針）〔見Lk,Mk,Mt敘事脈絡〕",Mt 19:16-30 | Mk 10:17-31 | Lk 18:18-30,Mt 19:16-30,Mk 10:17-31,Lk 18:18-30,,,經文明載,經文段落連結,低,中,【M】[彌賽亞預言] 創 12:3; 詩 23:3,這些舊約的盼望/意象在耶穌身上被放大成全，指向祂就是神所應許的拯救者。,事件
E-136,秋,約 西元 30 年,路上,葡萄園工人的比喻,比喻>教導>天國價值反轉,主權,在後在前,智慧、洞察、真理,天國比喻揭露人心的算計，並把焦點轉向神的主動施恩；救恩不是人尋找神的功勞，而是神尋回人的行動。,（聚焦：在後在前） 〔見Mt敘事脈絡〕,在「葡萄園工人的比喻」中，耶穌以比喻揭開神國的真相：天國比喻揭露人心的算計，並把焦點轉向神的主動施恩；救恩不是人尋找神的功勞，而是神尋回人的行動。（聚焦：在後在前）〔見Mt敘事脈絡〕,Mt 20:1-16,Mt 20:1-16,,,,,經文明載,福音書順序,中,中,【M】[彌賽亞預言] 賽 55:8-9,這些舊約的盼望/意象在耶穌身上被放大成全，指向祂就是神所應許的拯救者。,事件
E-137,秋,約 西元 30 年,往耶路途中,第三次預言受難,降生/成長>敘事>救恩歷史開場,服事,杯與洗,信實、謙卑、恩典,受難敘事顯明十字架不是意外，而是拯救中心：耶穌替人承擔審判與羞辱，使赦免有代價、也有確據。,"（聚焦：杯與洗） 〔見Lk,Mk,Mt敘事脈絡〕","在「第三次預言受難」中，耶穌以降生與成長揭開神國的真相：受難敘事顯明十字架不是意外，而是救贖中心：耶穌替人承擔審判與羞辱，使赦免有代價、也有確據。（聚焦：杯與洗）〔見Lk,Mk,Mt敘事脈絡〕",Mt 20:17-19 | Mk 10:32-34 | Lk 18:31-34,Mt 20:17-19,Mk 10:32-34,Lk 18:31-34,,,經文明載,經文段落連結,高,高,【M】[彌賽亞預言] 創 12:3; 賽 9:6-7,這些舊約的盼望/意象在耶穌身上被放大成全，指向祂就是神所應許的拯救者。,事件
E-138,秋,約 西元 30 年,往耶路途中,西庇太兒子的請求,敘事>行旅互動>私下教導>門徒價值翻轉,權力,在左在右,同理、耐心、智慧,在行旅互動裡，耶穌先靠近、先看見、先接住人，顯明神的愛不是對『理想人』才開放；所以被接納先於被改變。,"（聚焦：在左在右） 〔見Mk,Mt敘事脈絡〕","在「西庇太兒子的請求」中，耶穌以行旅互動揭開神國的真相：在行旅互動裡，耶穌先靠近、先看見、先接住人，顯明神的愛不是對『理想人』才開放；所以被接納先於被改變。（聚焦：在左在右）〔見Mk,Mt敘事脈絡〕",Mt 20:20-28 | Mk 10:35-45,Mt 20:20-28,Mk 10:35-45,,,,經文明載,經文段落連結,高,高,【M】[彌賽亞預言] 創 12:3; 詩 23:3,這些舊約的盼望/意象在耶穌身上被放大成全，指向祂就是神所應許的拯救者。,事件
E-139,秋,約 西元 30 年,耶利哥,醫治瞎子巴底買,神蹟>醫治>開眼與光照,信心,大衛子孫,憐憫、耐心、權柄,神蹟不是展示能力，而是宣告天國已臨到；耶穌先把破碎的人修復，讓人明白：白白的愛不是獎賞，而是醫治與更新的起頭。,"（聚焦：大衛子孫） 〔見Lk,Mk,Mt敘事脈絡〕","在「醫治瞎子巴底買」中，耶穌以醫治揭開神國的真相：神蹟不是展示能力，而是宣告天國已臨到；耶穌先把破碎的人修復，讓人明白：恩典不是獎賞，而是醫治與更新的起頭。（聚焦：大衛子孫）〔見Lk,Mk,Mt敘事脈絡〕",Mt 20:29-34 | Mk 10:46-52 | Lk 18:35-43,Mt 20:29-34,Mk 10:46-52,Lk 18:35-43,,,經文明載,經文段落連結,高,高,【M】[彌賽亞預言] 賽 35:5-6; 賽 42:6-7,這些舊約的盼望/意象在耶穌身上被放大成全，指向祂就是神所應許的拯救者。,事件
E-140,秋,約 西元 30 年,耶利哥,撒該悔改,敘事>行旅互動>接待與筵席,拯救,尋找失喪,同理、耐心、智慧,衝突與冒犯揭露人對白白的愛的抗拒，但耶穌仍堅持把真理帶到人面前；因此救恩不是迎合，而是拯救。,（聚焦：尋找失喪） 〔見Lk敘事脈絡〕,在「撒該悔改」中，耶穌以行旅互動揭開神國的真相：衝突與冒犯揭露人對恩典的抗拒，但耶穌仍堅持把真理帶到人面前；因此救恩不是迎合，而是拯救。（聚焦：尋找失喪）〔見Lk敘事脈絡〕,Lk 19:1-10,,,Lk 19:1-10,,,經文明載,福音書順序,高,高,【M】[彌賽亞預言] 創 12:3; 詩 23:3,這些舊約的盼望/意象在耶穌身上被放大成全，指向祂就是神所應許的拯救者。,事件
E-141,秋,約 西元 30 年,耶利哥,十錠銀子的比喻,比喻>教導>天國價值反轉,管家,忠心良善,智慧、洞察、真理,天國比喻揭露人心的算計，並把焦點轉向神的主動施恩；救恩不是人尋找神的功勞，而是神尋回人的行動。,（聚焦：忠心良善） 〔見Lk敘事脈絡〕,在「十錠銀子的比喻」中，耶穌以比喻揭開神國的真相：天國比喻揭露人心的算計，並把焦點轉向神的主動施恩；救恩不是人尋找神的功勞，而是神尋回人的行動。（聚焦：忠心良善）〔見Lk敘事脈絡〕,Lk 19:11-27,,,Lk 19:11-27,,,經文明載,福音書順序,中,中,【M】[彌賽亞預言] 賽 55:8-9,這些舊約的盼望/意象在耶穌身上被放大成全，指向祂就是神所應許的拯救者。,事件
E-142,冬,週六(逾越節前六日),伯大尼(西門家),伯大尼受膏,啟示>序言>道成肉身與光,奉獻,時間錨點:約12:1 (對觀福音為敘事鋪陳),榮耀、真理、恩典,神先向人揭露耶穌的真實身分，救恩的起點不是人找到神，而是神把自己給人看見，讓信心有可依據的對象。,"（聚焦：時間錨點:約12:1 (對觀福音為敘事鋪陳)） 〔見Jn,Mk,Mt敘事脈絡〕","在「伯大尼受膏」中，耶穌以啟示揭開神國的真相：神先向人揭露基督的真實身分，救恩的起點不是人找到神，而是神把自己給人看見，讓信心有可依據的對象。（聚焦：時間錨點:約12:1 (對觀福音為敘事鋪陳)）〔見Jn,Mk,Mt敘事脈絡〕",Mt 26:6-13 | Mk 14:3-9 | Jn 12:1-8,Mt 26:6-13,Mk 14:3-9,,Jn 12:1-8,,經文明載,合參移位 (馬太/馬可主題編排),高,高,【M】[彌賽亞預言] 創 1:1-3; 出 34:6; 賽 9:2,這些舊約的盼望/意象在耶穌身上被放大成全，指向祂就是神所應許的拯救者。,事件
E-143,冬,週六(晚),伯大尼,拉撒路引起的殺機,神蹟>復活>死亡權勢被破,見證,除滅證據,憐憫、大能、同理,耶穌的權能穿透疾病與限制，預先給世界一個『新創造』的樣本；因此盼望不靠情緒撐住，而靠祂已介入的事實。,（聚焦：除滅證據） 〔見Jn敘事脈絡〕,在「拉撒路引起的殺機」中，耶穌以神蹟揭開神國的真相：基督的權能穿透疾病與限制，預先給世界一個『新創造』的樣本；因此盼望不靠情緒撐住，而靠祂已介入的事實。（聚焦：除滅證據）〔見Jn敘事脈絡〕,Jn 12:9-11,,,,Jn 12:9-11,,邏輯推論,福音書順序,高,高,【M】[彌賽亞預言] 王上 17:17-24; 王下 4:32-37; 賽 25:8; 但 12:2,這些舊約的盼望/意象在耶穌身上被放大成全，指向祂就是神所應許的拯救者。,事件
E-144,冬,週日,橄欖山,榮耀進耶路撒冷,啟示>序言>道成肉身與光,王權,謙和君王,榮耀、真理、恩典,神先向人揭露耶穌的真實身分，救恩的起點不是人找到神，而是神把自己給人看見，讓信心有可依據的對象。,"（聚焦：謙和君王） 〔見Jn,Lk,Mk,Mt敘事脈絡〕","在「榮耀進耶路撒冷」中，耶穌以進耶路撒冷揭開神國的真相：神先向人揭露基督的真實身分，救恩的起點不是人找到神，而是神把自己給人看見，讓信心有可依據的對象。（聚焦：謙和君王）〔見Jn,Lk,Mk,Mt敘事脈絡〕",Mt 21:1-11 | Mk 11:1-11 | Lk 19:29-44 | Jn 12:12-19,Mt 21:1-11,Mk 11:1-11,Lk 19:29-44,Jn 12:12-19,,經文明載,經文段落連結,高,高,【M】[彌賽亞預言] 創 1:1-3; 出 34:6; 賽 9:2,這些舊約的盼望/意象在耶穌身上被放大成全，指向祂就是神所應許的拯救者。,事件
E-145,冬,週一,路旁,咒詛無花果樹,神蹟>先知性行動>咒詛無花果(審判假敬虔),審判,不結果子,公義、聖潔、勇氣,在醫治/恢復裡，耶穌把人從失能與羞恥中領回整全；救恩不只是靈魂口號，而是神親自恢復人被奪走的生命。,"（聚焦：不結果子） 〔見Mk,Mt敘事脈絡〕","在「咒詛無花果樹」中，耶穌以神蹟揭開神國的真相：在醫治/恢復裡，耶穌把人從失能與羞恥中領回整全；救恩不只是靈魂口號，而是神親自恢復人被奪走的生命。（聚焦：不結果子）〔見Mk,Mt敘事脈絡〕",Mt 21:18-19 | Mk 11:12-14,Mt 21:18-19,Mk 11:12-14,,,,經文明載,經文段落連結,高,高,【M】[彌賽亞預言] 何 9:10; 彌 7:1,這些舊約的盼望/意象在耶穌身上被放大成全，指向祂就是神所應許的拯救者。,事件
E-146,冬,週一,聖殿,第二次潔淨聖殿,降生/成長>敘事>救恩歷史開場,聖潔,禱告的殿,信實、謙卑、恩典,救主的故事從家庭、血統與歷史的複雜開始，宣告神能把破碎與污點編進救恩線；因此人的價值不再被出身與過去定義。,"（聚焦：禱告的殿） 〔見Lk,Mk,Mt敘事脈絡〕","在「第二次潔淨聖殿」中，耶穌以降生與成長揭開神國的真相：救主的故事從家庭、血統與歷史的複雜開始，宣告神能把破碎與污點編進救恩線；因此人的價值不再被出身與過去定義。（聚焦：禱告的殿）〔見Lk,Mk,Mt敘事脈絡〕",Mt 21:12-13 | Mk 11:15-19 | Lk 19:45-48,Mt 21:12-13,Mk 11:15-19,Lk 19:45-48,,,經文明載,經文段落連結,高,高,【T】[彌賽亞預言] 創 12:3; 賽 9:6-7,這些舊約的盼望/意象在耶穌身上被放大成全，指向祂就是神所應許的拯救者。,事件
E-147,冬,週二,路旁,無花果樹枯乾的教導,神蹟>醫治>身體復原與整全,信心,移山,憐憫、權柄、溫柔,在醫治/恢復裡，耶穌把人從失能與羞恥中領回整全；救恩不只是靈魂口號，而是神親自恢復人被奪走的生命。,"（聚焦：移山） 〔見Mk,Mt敘事脈絡〕","在「無花果樹枯乾的教導」中，耶穌以神蹟揭開神國的真相：在醫治/恢復裡，耶穌把人從失能與羞恥中領回整全；救恩不只是靈魂口號，而是神親自恢復人被奪走的生命。（聚焦：移山）〔見Mk,Mt敘事脈絡〕",Mt 21:20-22 | Mk 11:20-25,Mt 21:20-22,Mk 11:20-25,,,,經文明載,經文段落連結,高,高,【M】[彌賽亞預言] 賽 35:5-6; 賽 53:4-5,這些舊約的盼望/意象在耶穌身上被放大成全，指向祂就是神所應許的拯救者。,事件
E-148,冬,週二,聖殿,權柄的質問,敘事>行旅互動>衝突與冒犯,權柄,約翰的洗,同理、耐心、智慧,這段敘事把人的需要與耶穌的同在放在一起，宣告救恩不是抽象理念，而是神在具體處境中主動施恩。,"（聚焦：約翰的洗） 〔見Lk,Mk,Mt敘事脈絡〕","在「權柄的質問」中，耶穌以行旅互動揭開神國的真相：這段敘事把人的需要與耶穌的同在放在一起，宣告救恩不是抽象理念，而是神在具體處境中主動施恩。（聚焦：約翰的洗）〔見Lk,Mk,Mt敘事脈絡〕",Mt 21:23-27 | Mk 11:27-33 | Lk 20:1-8,Mt 21:23-27,Mk 11:27-33,Lk 20:1-8,,,經文明載,經文段落連結,高,高,【M】[彌賽亞預言] 創 12:3; 詩 23:3,這些舊約的盼望/意象在耶穌身上被放大成全，指向祂就是神所應許的拯救者。,事件
E-149,冬,週二,聖殿,兩個兒子的比喻,比喻>教導>天國價值反轉,順服,稅吏與娼妓,智慧、洞察、真理,比喻不是給成功祕訣，而是把人從自義的劇本中救出來；耶穌先翻轉價值秩序，使人不必靠表現爭取被神接納。,（聚焦：稅吏與娼妓） 〔見Mt敘事脈絡〕,在「兩個兒子的比喻」中，耶穌以比喻揭開神國的真相：比喻不是給成功祕訣，而是把人從自義的劇本中救出來；耶穌先翻轉價值秩序，使人不必靠表現爭取被神接納。（聚焦：稅吏與娼妓）〔見Mt敘事脈絡〕,Mt 21:28-32,Mt 21:28-32,,,,,經文明載,福音書順序,中,中,【M】[彌賽亞預言] 賽 55:8-9,這些舊約的盼望/意象在耶穌身上被放大成全，指向祂就是神所應許的拯救者。,事件
E-150,冬,週二,聖殿,兇惡園戶的比喻,比喻>教導>天國價值反轉,審判,匠人棄石,智慧、洞察、真理,比喻不是給成功祕訣，而是把人從自義的劇本中救出來；耶穌先翻轉價值秩序，使人不必靠表現爭取被神接納。,"（聚焦：匠人棄石） 〔見Lk,Mk,Mt敘事脈絡〕","在「兇惡園戶的比喻」中，耶穌以比喻揭開神國的真相：比喻不是給成功祕訣，而是把人從自義的劇本中救出來；耶穌先翻轉價值秩序，使人不必靠表現爭取被神接納。（聚焦：匠人棄石）〔見Lk,Mk,Mt敘事脈絡〕",Mt 21:33-46 | Mk 12:1-12 | Lk 20:9-19,Mt 21:33-46,Mk 12:1-12,Lk 20:9-19,,,經文明載,經文段落連結,中,中,【M】[彌賽亞預言] 賽 55:8-9,這些舊約的盼望/意象在耶穌身上被放大成全，指向祂就是神所應許的拯救者。,事件
E-151,冬,週二,聖殿,喜宴的比喻,比喻>教導>天國價值反轉,揀選,禮服,智慧、洞察、真理,比喻不是給成功祕訣，而是把人從自義的劇本中救出來；耶穌先翻轉價值秩序，使人不必靠表現爭取被神接納。,（聚焦：禮服） 〔見Mt敘事脈絡〕,在「喜宴的比喻」中，耶穌以比喻揭開神國的真相：比喻不是給成功祕訣，而是把人從自義的劇本中救出來；耶穌先翻轉價值秩序，使人不必靠表現爭取被神接納。（聚焦：禮服）〔見Mt敘事脈絡〕,Mt 22:1-14,Mt 22:1-14,,,,,經文明載,福音書順序,中,中,【M】[彌賽亞預言] 賽 55:8-9,這些舊約的盼望/意象在耶穌身上被放大成全，指向祂就是神所應許的拯救者。,事件
E-152,冬,週二,聖殿,納稅給凱撒的辯論,神蹟>記號>權能顯明彌賽亞,智慧,該撒的物,權柄、信實、憐憫,耶穌的權能穿透疾病與限制，預先給世界一個『新創造』的樣本；因此盼望不靠情緒撐住，而靠祂已介入的事實。,"（聚焦：該撒的物） 〔見Lk,Mk,Mt敘事脈絡〕","在「納稅給凱撒的辯論」中，耶穌以神蹟揭開神國的真相：基督的權能穿透疾病與限制，預先給世界一個『新創造』的樣本；因此盼望不靠情緒撐住，而靠祂已介入的事實。（聚焦：該撒的物）〔見Lk,Mk,Mt敘事脈絡〕",Mt 22:15-22 | Mk 12:13-17 | Lk 20:20-26,Mt 22:15-22,Mk 12:13-17,Lk 20:20-26,,,經文明載,經文段落連結,高,高,【M】[彌賽亞預言] 賽 35:5-6,這些舊約的盼望/意象在耶穌身上被放大成全，指向祂就是神所應許的拯救者。,事件
E-153,冬,週二,聖殿,復活的辯論,復活>得勝>死亡被吞滅,永生,神是活人的神,大能、盼望、信實,復活宣告死亡不是終局；耶穌的得勝把新創造帶進歷史，使盼望不再只是心理支撐，而是客觀已發生的轉折。,"（聚焦：神是活人的神） 〔見Lk,Mk,Mt敘事脈絡〕","在「復活的辯論」中，耶穌以復活揭開神國的真相：復活宣告死亡不是終局；基督的得勝把新創造帶進歷史，使盼望不再只是心理支撐，而是客觀已發生的轉折。（聚焦：神是活人的神）〔見Lk,Mk,Mt敘事脈絡〕",Mt 22:23-33 | Mk 12:18-27 | Lk 20:27-40,Mt 22:23-33,Mk 12:18-27,Lk 20:27-40,,,經文明載,經文段落連結,高,高,【M】[彌賽亞預言] 詩 16:10; 何 6:2; 賽 25:8,這些舊約的盼望/意象在耶穌身上被放大成全，指向祂就是神所應許的拯救者。,事件
E-154,冬,週二,聖殿,最大的誡命,敘事>行旅互動>衝突與冒犯,愛,盡心盡性,同理、耐心、智慧,在行旅互動裡，耶穌先靠近、先看見、先接住人，顯明神的愛不是對『理想人』才開放；所以被接納先於被改變。,"（聚焦：盡心盡性） 〔見Mk,Mt敘事脈絡〕","在「最大的誡命」中，耶穌以行旅互動揭開神國的真相：在行旅互動裡，耶穌先靠近、先看見、先接住人，顯明神的愛不是對『理想人』才開放；所以被接納先於被改變。（聚焦：盡心盡性）〔見Mk,Mt敘事脈絡〕",Mt 22:34-40 | Mk 12:28-34,Mt 22:34-40,Mk 12:28-34,,,,經文明載,經文段落連結,高,高,【M】[彌賽亞預言] 創 12:3; 詩 23:3,這些舊約的盼望/意象在耶穌身上被放大成全，指向祂就是神所應許的拯救者。,事件
E-155,冬,週二,聖殿,大衛子孫的辯論,教導>衝突/釋經>權柄與真理對話,身分,大衛的主,智慧、勇氣、真理,教導把真理放進人的日常，指出真正的自由來自與耶穌連結；救恩不是靠知識累積，因為祂已把我們帶進新身份。,"（聚焦：大衛的主） 〔見Lk,Mk,Mt敘事脈絡〕","在「大衛子孫的辯論」中，耶穌以教導揭開神國的真相：教導把真理放進人的日常，指出真正的自由來自與基督連結；救恩不是靠知識累積，而是因祂已把我們帶進新身份。（聚焦：大衛的主）〔見Lk,Mk,Mt敘事脈絡〕",Mt 22:41-46 | Mk 12:35-37 | Lk 20:41-44,Mt 22:41-46,Mk 12:35-37,Lk 20:41-44,,,經文明載,經文段落連結,高,高,【M】[彌賽亞預言] 彌 6:6-8; 詩 51:16-17,這些舊約的盼望/意象在耶穌身上被放大成全，指向祂就是神所應許的拯救者。,事件
E-156,冬,週二,聖殿,七禍責備偽善,敘事>行旅互動>衝突與冒犯,審判,假冒為善,同理、耐心、智慧,衝突與冒犯揭露人對白白的愛的抗拒，但耶穌仍堅持把真理帶到人面前；因此救恩不是迎合，而是拯救。,"（聚焦：假冒為善） 〔見Lk,Mk,Mt敘事脈絡〕","在「七禍責備偽善」中，耶穌以行旅互動揭開神國的真相：衝突與冒犯揭露人對恩典的抗拒，但耶穌仍堅持把真理帶到人面前；因此救恩不是迎合，而是拯救。（聚焦：假冒為善）〔見Lk,Mk,Mt敘事脈絡〕",Mt 23:1-39 | Mk 12:38-40 | Lk 20:45-47,Mt 23:1-39,Mk 12:38-40,Lk 20:45-47,,,經文明載,經文段落連結,高,高,【M】[彌賽亞預言] 創 12:3; 詩 23:3,這些舊約的盼望/意象在耶穌身上被放大成全，指向祂就是神所應許的拯救者。,事件
E-157,冬,週二,聖殿,寡婦的兩個小錢,敘事>行旅互動>私下教導>門徒價值翻轉,奉獻,全部養生,同理、耐心、智慧,衝突與冒犯揭露人對白白的愛的抗拒，但耶穌仍堅持把真理帶到人面前；因此救恩不是迎合，而是拯救。,"（聚焦：全部養生） 〔見Lk,Mk敘事脈絡〕","在「寡婦的兩個小錢」中，耶穌以行旅互動揭開神國的真相：衝突與冒犯揭露人對恩典的抗拒，但耶穌仍堅持把真理帶到人面前；因此救恩不是迎合，而是拯救。（聚焦：全部養生）〔見Lk,Mk敘事脈絡〕",Mk 12:41-44 | Lk 21:1-4,,Mk 12:41-44,Lk 21:1-4,,,經文明載,經文段落連結,高,高,【M】[彌賽亞預言] 創 12:3; 詩 23:3,這些舊約的盼望/意象在耶穌身上被放大成全，指向祂就是神所應許的拯救者。,事件
E-158,冬,週二,聖殿外院,希臘人求見,啟示>序言>道成肉身與光,榮耀,麥子落地,榮耀、真理、恩典,耶穌的身分在任何人的回應之前先被宣告，顯明被接納不是績效換來，而是白白的愛先行。,（聚焦：麥子落地） 〔見Jn敘事脈絡〕,在「希臘人求見」中，耶穌以啟示揭開神國的真相：耶穌的身分在任何人的回應之前先被宣告，顯明被接納不是績效換來，而是恩典先行。（聚焦：麥子落地）〔見Jn敘事脈絡〕,Jn 12:20-26,,,,Jn 12:20-26,,經文明載,福音書順序,高,高,【M】[彌賽亞預言] 創 1:1-3; 出 34:6; 賽 9:2,這些舊約的盼望/意象在耶穌身上被放大成全，指向祂就是神所應許的拯救者。,事件
E-159,冬,週二,聖殿外院,人子得榮耀(天上有聲音),啟示>序言>道成肉身與光,啟示,雷聲與天使,榮耀、真理、恩典,耶穌的身分在任何人的回應之前先被宣告，顯明被接納不是績效換來，而是白白的愛先行。,（聚焦：雷聲與天使） 〔見Jn敘事脈絡〕,在「人子得榮耀(天上有聲音)」中，耶穌以啟示揭開神國的真相：耶穌的身分在任何人的回應之前先被宣告，顯明被接納不是績效換來，而是恩典先行。（聚焦：雷聲與天使）〔見Jn敘事脈絡〕,Jn 12:27-36,,,,Jn 12:27-36,,經文明載,福音書順序,高,高,【M】[彌賽亞預言] 創 1:1-3; 出 34:6; 賽 9:2,這些舊約的盼望/意象在耶穌身上被放大成全，指向祂就是神所應許的拯救者。,事件
E-160,冬,週二,耶路撒冷,最後公開呼喊與不信的審判,啟示>序言>道成肉身與光,啟示,光來到世上,榮耀、真理、恩典,神先向人揭露耶穌的真實身分，救恩的起點不是人找到神，而是神把自己給人看見，讓信心有可依據的對象。,（聚焦：光來到世上） 〔見Jn敘事脈絡〕,在「最後公開呼喊與不信的審判」中，耶穌以啟示揭開神國的真相：神先向人揭露基督的真實身分，救恩的起點不是人找到神，而是神把自己給人看見，讓信心有可依據的對象。（聚焦：光來到世上）〔見Jn敘事脈絡〕,Jn 12:37-50,,,,Jn 12:37-50,,經文明載,福音書順序,高,高,【M】[彌賽亞預言] 創 1:1-3; 出 34:6; 賽 9:2,這些舊約的盼望/意象在耶穌身上被放大成全，指向祂就是神所應許的拯救者。,事件
E-161,冬,週二,橄欖山,橄欖山講論(1):末世徵兆,教導>末世>橄欖山講論,末世,警醒,警醒、真理、牧養,耶穌的教導不是把人推向更高道德KPI，而是揭露人無力自救，逼人轉向白白的愛；因此順服不是交換救恩，而是被拯救後的新生活。,"（聚焦：警醒） 〔見Lk,Mk,Mt敘事脈絡〕","在「橄欖山講論(1):末世徵兆」中，耶穌以教導揭開神國的真相：耶穌的教導不是把人推向更高道德KPI，而是揭露人無力自救，逼人轉向恩典；因此順服不是交換救恩，而是被拯救後的新生活。（聚焦：警醒）〔見Lk,Mk,Mt敘事脈絡〕",Mt 24:1-51 | Mk 13:1-37 | Lk 21:5-38,Mt 24:1-51,Mk 13:1-37,Lk 21:5-38,,,經文明載,經文段落連結,高,高,【M】[彌賽亞預言] 但 7:13-14; 亞 14:4-9,這些舊約的盼望/意象在耶穌身上被放大成全，指向祂就是神所應許的拯救者。,事件
E-162,冬,週二,橄欖山,橄欖山講論(2):十童女/才幹/山羊,教導>末世>橄欖山講論,審判,預備油,警醒、真理、牧養,耶穌的教導不是把人推向更高道德KPI，而是揭露人無力自救，逼人轉向白白的愛；因此順服不是交換救恩，而是被拯救後的新生活。,（聚焦：預備油） 〔見Mt敘事脈絡〕,在「橄欖山講論(2):十童女/才幹/山羊」中，耶穌以教導揭開神國的真相：耶穌的教導不是把人推向更高道德KPI，而是揭露人無力自救，逼人轉向恩典；因此順服不是交換救恩，而是被拯救後的新生活。（聚焦：預備油）〔見Mt敘事脈絡〕,Mt 25:1-46,Mt 25:1-46,,,,,經文明載,福音書順序,高,高,【P】[彌賽亞預言] 但 7:13-14; 亞 14:4-9,這些舊約經文在期待神要來拯救、立王；新約說這盼望在耶穌身上成真。,事件
E-163,冬,週三,該亞法府,祭司長陰謀,敘事>行旅互動>衝突與冒犯,陰謀,殺害計畫,同理、耐心、智慧,衝突與冒犯揭露人對白白的愛的抗拒，但耶穌仍堅持把真理帶到人面前；因此救恩不是迎合，而是拯救。,"（聚焦：殺害計畫） 〔見Lk,Mk,Mt敘事脈絡〕","在「祭司長陰謀」中，耶穌以行旅互動揭開神國的真相：衝突與冒犯揭露人對恩典的抗拒，但耶穌仍堅持把真理帶到人面前；因此救恩不是迎合，而是拯救。（聚焦：殺害計畫）〔見Lk,Mk,Mt敘事脈絡〕",Mt 26:1-5 | Mk 14:1-2 | Lk 22:1-2,Mt 26:1-5,Mk 14:1-2,Lk 22:1-2,,,經文明載,經文段落連結,高,高,【M】[彌賽亞預言] 創 12:3; 詩 23:3,這些舊約的盼望/意象在耶穌身上被放大成全，指向祂就是神所應許的拯救者。,事件
E-164,冬,週三,該亞法府,猶大協議賣主,受難/復活>敘事>關鍵事件,背叛,三十塊錢,堅毅、愛、信實,受難敘事顯明十字架不是意外，而是拯救中心：耶穌替人承擔審判與羞辱，使赦免有代價、也有確據。,"（聚焦：三十塊錢） 〔見Lk,Mk,Mt敘事脈絡〕","在「猶大協議賣主」中，耶穌以受難與得勝揭開神國的真相：受難敘事顯明十字架不是意外，而是救贖中心：耶穌替人承擔審判與羞辱，使赦免有代價、也有確據。（聚焦：三十塊錢）〔見Lk,Mk,Mt敘事脈絡〕",Mt 26:14-16 | Mk 14:10-11 | Lk 22:3-6,Mt 26:14-16,Mk 14:10-11,Lk 22:3-6,,,經文明載,經文段落連結,高,高,【M】[彌賽亞預言] 賽 53:4-12,這些舊約的盼望/意象在耶穌身上被放大成全，指向祂就是神所應許的拯救者。,事件
E-165,冬,週四,耶路撒冷,預備逾越節筵席,受難/復活>敘事>關鍵事件,預備,逾越節,堅毅、愛、信實,聖餐把救恩具體化：耶穌的身體與血已為我們給出，信心因此能抓住『已完成』而非『待完成』。,"（聚焦：逾越節） 〔見Lk,Mk,Mt敘事脈絡〕","在「預備逾越節筵席」中，耶穌以受難與得勝揭開神國的真相：聖餐把救恩具體化：基督的身體與血已為我們給出，信心因此能抓住『已完成』而非『待完成』。（聚焦：逾越節）〔見Lk,Mk,Mt敘事脈絡〕",Mt 26:17-19 | Mk 14:12-16 | Lk 22:7-13,Mt 26:17-19,Mk 14:12-16,Lk 22:7-13,,,經文明載,節期標記,中,中,【T】[彌賽亞預言] 賽 53:4-12,這些舊約的盼望/意象在耶穌身上被放大成全，指向祂就是神所應許的拯救者。,事件
E-166,冬,週四,馬可樓,最後晚餐:洗腳與服事,聖禮>新約立約>逾越節晚餐,服事,彼此洗腳,愛、捨己、牧養,聖餐把救恩具體化：耶穌的身體與血已為我們給出，信心因此能抓住『已完成』而非『待完成』。,（聚焦：彼此洗腳） 〔見Jn敘事脈絡〕,在「最後晚餐:洗腳與服事」中，耶穌以最後晚餐揭開神國的真相：聖餐把救恩具體化：基督的身體與血已為我們給出，信心因此能抓住『已完成』而非『待完成』。（聚焦：彼此洗腳）〔見Jn敘事脈絡〕,Jn 13:1-20,,,,Jn 13:1-20,,經文明載,節期標記,中,中,【M】[彌賽亞預言] 出 12:1-28; 耶 31:31-34; 賽 53:4-12; 亞 9:11,這些舊約的盼望/意象在耶穌身上被放大成全，指向祂就是神所應許的拯救者。,事件
E-167,冬,週四,馬可樓,最後晚餐:指出賣主,聖禮>新約立約>逾越節晚餐,背叛,餅遞給誰,愛、捨己、牧養,在立約的晚餐中，耶穌把自己交付作為新約的根基，宣告赦免不是情緒安慰，而是立約血的確據。,"（聚焦：餅遞給誰） 〔見Jn,Lk,Mk,Mt敘事脈絡〕","在「最後晚餐:指出賣主」中，耶穌以最後晚餐揭開神國的真相：在立約的晚餐中，耶穌把自己交付作為新約的根基，宣告赦免不是情緒安慰，而是立約血的確據。（聚焦：餅遞給誰）〔見Jn,Lk,Mk,Mt敘事脈絡〕",Mt 26:20-25 | Mk 14:17-21 | Lk 22:21-23 | Jn 13:21-30,Mt 26:20-25,Mk 14:17-21,Lk 22:21-23,Jn 13:21-30,,經文明載,經文段落連結,中,中,【M】[彌賽亞預言] 出 12:1-28; 耶 31:31-34; 賽 53:4-12; 亞 9:11,這些舊約的盼望/意象在耶穌身上被放大成全，指向祂就是神所應許的拯救者。,事件
E-168,冬,週四,馬可樓,最後晚餐:門徒爭論誰為大,聖禮>新約立約>逾越節晚餐,謙卑,我在你們中如服事的,愛、捨己、牧養,逾越節的更新指出拯救不是人再做一次出埃及，而是耶穌成為羔羊替人付代價；因此得救不靠宗教表現，而靠祂的獻上。,（聚焦：我在你們中如服事的） 〔見Lk敘事脈絡〕,在「最後晚餐:門徒爭論誰為大」中，耶穌以最後晚餐揭開神國的真相：逾越節的更新指出拯救不是人再做一次出埃及，而是基督成為羔羊替人付代價；因此得救不靠宗教表現，而靠祂的獻上。（聚焦：我在你們中如服事的）〔見Lk敘事脈絡〕,Lk 22:24-30,,,Lk 22:24-30,,,經文明載,經文段落連結,中,中,【M】[彌賽亞預言] 出 12:1-28; 耶 31:31-34; 賽 53:4-12; 亞 9:11,這些舊約的盼望/意象在耶穌身上被放大成全，指向祂就是神所應許的拯救者。,事件
E-169,冬,週四,馬可樓,最後晚餐:設立聖餐,聖禮>新約立約>逾越節晚餐,立約,身體與血,愛、捨己、牧養,在立約的晚餐中，耶穌把自己交付作為新約的根基，宣告赦免不是情緒安慰，而是立約血的確據。,"（聚焦：身體與血） 〔見Lk,Mk,Mt敘事脈絡〕","在「最後晚餐:設立聖餐」中，耶穌以最後晚餐揭開神國的真相：在立約的晚餐中，耶穌把自己交付作為新約的根基，宣告赦免不是情緒安慰，而是立約血的確據。（聚焦：身體與血）〔見Lk,Mk,Mt敘事脈絡〕",Mt 26:26-29 | Mk 14:22-25 | Lk 22:14-20,Mt 26:26-29,Mk 14:22-25,Lk 22:14-20,,,經文明載,經文段落連結,中,中,【M】[彌賽亞預言] 出 12:1-28; 耶 31:31-34; 賽 53:4-12; 亞 9:11,這些舊約的盼望/意象在耶穌身上被放大成全，指向祂就是神所應許的拯救者。,事件
E-170,冬,週四,馬可樓,預言彼得不認主,降生/成長>敘事>救恩歷史開場,軟弱,雞叫以先,信實、謙卑、恩典,耶穌在人的時間裡成長，顯明救恩不是跳過人性，而是拯救並重塑人性；我們不必假裝完美，因為祂已進入並更新我們的真實。,"（聚焦：雞叫以先） 〔見Jn,Lk,Mk,Mt敘事脈絡〕","在「預言彼得不認主」中，耶穌以降生與成長揭開神國的真相：耶穌在人的時間裡成長，顯明救恩不是跳過人性，而是救贖並重塑人性；我們不必假裝完美，因為祂已進入並更新我們的真實。（聚焦：雞叫以先）〔見Jn,Lk,Mk,Mt敘事脈絡〕",Mt 26:31-35 | Mk 14:27-31 | Lk 22:31-34 | Jn 13:36-38,Mt 26:31-35,Mk 14:27-31,Lk 22:31-34,Jn 13:36-38,,經文明載,經文段落連結,高,高,【M】[彌賽亞預言] 創 12:3; 賽 9:6-7,這些舊約的盼望/意象在耶穌身上被放大成全，指向祂就是神所應許的拯救者。,事件
E-171,冬,週四,馬可樓,臨別講論(1):新命令,教導>衝突/釋經>權柄與真理對話,愛,彼此相愛,智慧、勇氣、真理,耶穌的教導不是把人推向更高道德KPI，而是揭露人無力自救，逼人轉向白白的愛；因此順服不是交換救恩，而是被拯救後的新生活。,（聚焦：彼此相愛） 〔見Jn敘事脈絡〕,在「臨別講論(1):新命令」中，耶穌以教導揭開神國的真相：耶穌的教導不是把人推向更高道德KPI，而是揭露人無力自救，逼人轉向恩典；因此順服不是交換救恩，而是被拯救後的新生活。（聚焦：彼此相愛）〔見Jn敘事脈絡〕,Jn 13:31-35,,,,Jn 13:31-35,,經文明載,福音書順序,高,高,【M】[彌賽亞預言] 彌 6:6-8; 詩 51:16-17,這些舊約的盼望/意象在耶穌身上被放大成全，指向祂就是神所應許的拯救者。,事件
E-172,冬,週四,馬可樓,臨別講論(2):道路真理,教導>衝突/釋經>權柄與真理對話,安慰與啟示,道路真理生命,智慧、勇氣、真理,耶穌的教導不是把人推向更高道德KPI，而是揭露人無力自救，逼人轉向白白的愛；因此順服不是交換救恩，而是被拯救後的新生活。,（聚焦：道路真理生命） 〔見Jn敘事脈絡〕,在「臨別講論(2):道路真理」中，耶穌以教導揭開神國的真相：耶穌的教導不是把人推向更高道德KPI，而是揭露人無力自救，逼人轉向恩典；因此順服不是交換救恩，而是被拯救後的新生活。（聚焦：道路真理生命）〔見Jn敘事脈絡〕,Jn 14:1-14,,,,Jn 14:1-14,,經文明載,福音書順序,高,高,【M】[彌賽亞預言] 彌 6:6-8; 詩 51:16-17,這些舊約的盼望/意象在耶穌身上被放大成全，指向祂就是神所應許的拯救者。,事件
E-173,冬,週四,馬可樓,臨別講論(3):應許聖靈,教導>衝突/釋經>權柄與真理對話,聖靈,保惠師,智慧、勇氣、真理,教導把真理放進人的日常，指出真正的自由來自與耶穌連結；救恩不是靠知識累積，因為祂已把我們帶進新身份。,（聚焦：保惠師） 〔見Jn敘事脈絡〕,在「臨別講論(3):應許聖靈」中，耶穌以教導揭開神國的真相：教導把真理放進人的日常，指出真正的自由來自與基督連結；救恩不是靠知識累積，而是因祂已把我們帶進新身份。（聚焦：保惠師）〔見Jn敘事脈絡〕,Jn 14:15-31,,,,Jn 14:15-31,,經文明載,福音書順序,高,高,【M】[彌賽亞預言] 彌 6:6-8; 詩 51:16-17,這些舊約的盼望/意象在耶穌身上被放大成全，指向祂就是神所應許的拯救者。,事件
E-174,冬,週四,路上,臨別講論(4):真葡萄樹,教導>衝突/釋經>權柄與真理對話,連結,常在我裡面,智慧、勇氣、真理,耶穌的教導不是把人推向更高道德KPI，而是揭露人無力自救，逼人轉向白白的愛；因此順服不是交換救恩，而是被拯救後的新生活。,（聚焦：常在我裡面） 〔見Jn敘事脈絡〕,在「臨別講論(4):真葡萄樹」中，耶穌以教導揭開神國的真相：耶穌的教導不是把人推向更高道德KPI，而是揭露人無力自救，逼人轉向恩典；因此順服不是交換救恩，而是被拯救後的新生活。（聚焦：常在我裡面）〔見Jn敘事脈絡〕,Jn 15:1-17,,,,Jn 15:1-17,,經文明載,福音書順序,高,高,【M】[彌賽亞預言] 彌 6:6-8; 詩 51:16-17,這些舊約的盼望/意象在耶穌身上被放大成全，指向祂就是神所應許的拯救者。,事件
E-175,冬,週四,路上,臨別講論(5):世人的恨與聖靈工作,教導>衝突/釋經>權柄與真理對話,逼迫,聖靈責備世界,智慧、勇氣、真理,耶穌的教導不是把人推向更高道德KPI，而是揭露人無力自救，逼人轉向白白的愛；因此順服不是交換救恩，而是被拯救後的新生活。,（聚焦：聖靈責備世界） 〔見Jn敘事脈絡〕,在「臨別講論(5):世人的恨與聖靈工作」中，耶穌以教導揭開神國的真相：耶穌的教導不是把人推向更高道德KPI，而是揭露人無力自救，逼人轉向恩典；因此順服不是交換救恩，而是被拯救後的新生活。（聚焦：聖靈責備世界）〔見Jn敘事脈絡〕,Jn 15:18-16:15,,,,Jn 15:18-16:15,,經文明載,福音書順序,高,高,【M】[彌賽亞預言] 彌 6:6-8; 詩 51:16-17,這些舊約的盼望/意象在耶穌身上被放大成全，指向祂就是神所應許的拯救者。,事件
E-176,冬,週四,路上,臨別講論(6):憂愁變為喜樂,教導>衝突/釋經>權柄與真理對話,得勝,產難,智慧、勇氣、真理,耶穌的教導不是把人推向更高道德KPI，而是揭露人無力自救，逼人轉向白白的愛；因此順服不是交換救恩，而是被拯救後的新生活。,（聚焦：產難） 〔見Jn敘事脈絡〕,在「臨別講論(6):憂愁變為喜樂」中，耶穌以教導揭開神國的真相：耶穌的教導不是把人推向更高道德KPI，而是揭露人無力自救，逼人轉向恩典；因此順服不是交換救恩，而是被拯救後的新生活。（聚焦：產難）〔見Jn敘事脈絡〕,Jn 16:16-33,,,,Jn 16:16-33,,經文明載,福音書順序,高,高,【M】[彌賽亞預言] 彌 6:6-8; 詩 51:16-17,這些舊約的盼望/意象在耶穌身上被放大成全，指向祂就是神所應許的拯救者。,事件
E-177,冬,週四,汲淪溪,大祭司的禱告,受難>審判>無辜者受冤,合一,榮耀,沉默的勇氣、公義、堅毅,衝突與冒犯揭露人對白白的愛的抗拒，但耶穌仍堅持把真理帶到人面前；因此救恩不是迎合，而是拯救。,（聚焦：榮耀） 〔見Jn敘事脈絡〕,在「大祭司的禱告」中，耶穌以事件揭開神國的真相：衝突與冒犯揭露人對恩典的抗拒，但耶穌仍堅持把真理帶到人面前；因此救恩不是迎合，而是拯救。（聚焦：榮耀）〔見Jn敘事脈絡〕,Jn 17:1-26,,,,Jn 17:1-26,,經文明載,福音書順序,高,高,【M】[彌賽亞預言] 賽 53:7-9; 詩 35:11,這些舊約的盼望/意象在耶穌身上被放大成全，指向祂就是神所應許的拯救者。,事件
E-178,冬,週五(夜),橄欖山,客西馬尼禱告,受難>預備>客西馬尼順服,順服,苦杯,順服、堅毅、信靠,在行旅互動裡，耶穌先靠近、先看見、先接住人，顯明神的愛不是對『理想人』才開放；所以被接納先於被改變。,"（聚焦：苦杯） 〔見Lk,Mk,Mt敘事脈絡〕","在「客西馬尼禱告」中，耶穌以事件揭開神國的真相：在行旅互動裡，耶穌先靠近、先看見、先接住人，顯明神的愛不是對『理想人』才開放；所以被接納先於被改變。（聚焦：苦杯）〔見Lk,Mk,Mt敘事脈絡〕",Mt 26:36-46 | Mk 14:32-42 | Lk 22:39-46,Mt 26:36-46,Mk 14:32-42,Lk 22:39-46,,,經文明載,經文段落連結,高,高,【M】[彌賽亞預言] 詩 40:7-8; 賽 50:6-7,這些舊約的盼望/意象在耶穌身上被放大成全，指向祂就是神所應許的拯救者。,事件
E-179,冬,週五(夜),橄欖山,被捕與門徒逃散,受難>預備>客西馬尼順服,背叛,拿住耶穌,順服、堅毅、信靠,這段敘事把人的需要與耶穌的同在放在一起，宣告救恩不是抽象理念，而是神在具體處境中主動施恩。,"（聚焦：拿住耶穌） 〔見Jn,Lk,Mk,Mt敘事脈絡〕","在「被捕與門徒逃散」中，耶穌以事件揭開神國的真相：這段敘事把人的需要與耶穌的同在放在一起，宣告救恩不是抽象理念，而是神在具體處境中主動施恩。（聚焦：拿住耶穌）〔見Jn,Lk,Mk,Mt敘事脈絡〕",Mt 26:47-56 | Mk 14:43-52 | Lk 22:47-53 | Jn 18:1-12,Mt 26:47-56,Mk 14:43-52,Lk 22:47-53,Jn 18:1-12,,經文明載,經文段落連結,高,高,【M】[彌賽亞預言] 詩 40:7-8; 賽 50:6-7,這些舊約的盼望/意象在耶穌身上被放大成全，指向祂就是神所應許的拯救者。,事件
E-180,冬,週五(晨),大祭司府,宗教審判(亞那與該亞法),啟示>序言>道成肉身與光,見證,你是神的兒子,榮耀、真理、恩典,神先向人揭露耶穌的真實身分，救恩的起點不是人找到神，而是神把自己給人看見，讓信心有可依據的對象。,"（聚焦：你是神的兒子） 〔見Jn,Lk,Mk,Mt敘事脈絡〕","在「宗教審判(亞那與該亞法)」中，耶穌以啟示揭開神國的真相：神先向人揭露基督的真實身分，救恩的起點不是人找到神，而是神把自己給人看見，讓信心有可依據的對象。（聚焦：你是神的兒子）〔見Jn,Lk,Mk,Mt敘事脈絡〕",Mt 26:57-68 | Mk 14:53-65 | Lk 22:54; 63-71 | Jn 18:13-24,Mt 26:57-68,Mk 14:53-65,Lk 22:54; 63-71,Jn 18:13-24,,經文明載,經文段落連結,高,高,【M】[彌賽亞預言] 創 1:1-3; 出 34:6; 賽 9:2,這些舊約的盼望/意象在耶穌身上被放大成全，指向祂就是神所應許的拯救者。,事件
E-181,冬,週五(晨),大祭司院,彼得三次不認主,受難/復活>敘事>關鍵事件,軟弱,雞叫,堅毅、愛、信實,十字架把神的公義與慈愛同時成就：罪被審判，人被挽回；因此我們可以在白白的愛裡得著真正的平安。,"（聚焦：雞叫） 〔見Jn,Lk,Mk,Mt敘事脈絡〕","在「彼得三次不認主」中，耶穌以受難與得勝揭開神國的真相：十字架把神的公義與慈愛同時成就：罪被審判，人被挽回；因此我們可以在恩典裡得著真正的平安。（聚焦：雞叫）〔見Jn,Lk,Mk,Mt敘事脈絡〕",Mt 26:69-75 | Mk 14:66-72 | Lk 22:55-62 | Jn 18:15-18; 25-27,Mt 26:69-75,Mk 14:66-72,Lk 22:55-62,Jn 18:15-18; 25-27,,經文明載,經文段落連結,高,高,【M】[彌賽亞預言] 賽 53:4-12,這些舊約的盼望/意象在耶穌身上被放大成全，指向祂就是神所應許的拯救者。,事件
E-182,冬,週五(晨),耶路撒冷,猶大的結局,受難/復活>敘事>關鍵事件,後悔,血田,堅毅、愛、信實,受難敘事顯明十字架不是意外，而是拯救中心：耶穌替人承擔審判與羞辱，使赦免有代價、也有確據。,（聚焦：血田） 〔見Mt敘事脈絡〕,在「猶大的結局」中，耶穌以受難與得勝揭開神國的真相：受難敘事顯明十字架不是意外，而是救贖中心：耶穌替人承擔審判與羞辱，使赦免有代價、也有確據。（聚焦：血田）〔見Mt敘事脈絡〕,Mt 27:3-10,Mt 27:3-10,,,,,經文明載,經文段落連結,高,高,【M】[彌賽亞預言] 賽 53:4-12,這些舊約的盼望/意象在耶穌身上被放大成全，指向祂就是神所應許的拯救者。,事件
E-183,冬,週五(早),衙門,政治審判(彼拉多與希律),受難>審判>無辜者受冤,公義,希律審問,沉默的勇氣、公義、堅毅,衝突與冒犯揭露人對白白的愛的抗拒，但耶穌仍堅持把真理帶到人面前；因此救恩不是迎合，而是拯救。,"（聚焦：希律審問） 〔見Jn,Lk,Mk,Mt敘事脈絡〕","在「政治審判(彼拉多與希律)」中，耶穌以事件揭開神國的真相：衝突與冒犯揭露人對恩典的抗拒，但耶穌仍堅持把真理帶到人面前；因此救恩不是迎合，而是拯救。（聚焦：希律審問）〔見Jn,Lk,Mk,Mt敘事脈絡〕",Mt 27:1-2; 11-14 | Mk 15:1-5 | Lk 23:1-12 | Jn 18:28-38,Mt 27:1-2; 11-14,Mk 15:1-5,Lk 23:1-12,Jn 18:28-38,,經文明載,經文段落連結,高,高,【M】[彌賽亞預言] 賽 53:7-9; 詩 35:11,這些舊約的盼望/意象在耶穌身上被放大成全，指向祂就是神所應許的拯救者。,事件
E-184,冬,週五(早),衙門,棄絕耶穌與釋放巴拉巴,啟示>序言>道成肉身與光,選擇,釘他十字架,榮耀、真理、恩典,神先向人揭露耶穌的真實身分，救恩的起點不是人找到神，而是神把自己給人看見，讓信心有可依據的對象。,"（聚焦：釘他十字架） 〔見Jn,Lk,Mk,Mt敘事脈絡〕","在「棄絕耶穌與釋放巴拉巴」中，耶穌以啟示揭開神國的真相：神先向人揭露基督的真實身分，救恩的起點不是人找到神，而是神把自己給人看見，讓信心有可依據的對象。（聚焦：釘他十字架）〔見Jn,Lk,Mk,Mt敘事脈絡〕",Mt 27:15-26 | Mk 15:6-15 | Lk 23:13-25 | Jn 18:39-40,Mt 27:15-26,Mk 15:6-15,Lk 23:13-25,Jn 18:39-40,,經文明載,經文段落連結,高,高,【M】[彌賽亞預言] 創 1:1-3; 出 34:6; 賽 9:2,這些舊約的盼望/意象在耶穌身上被放大成全，指向祂就是神所應許的拯救者。,事件
E-185,冬,週五(早),衙門,兵丁戲弄與戴荊冠,啟示>序言>道成肉身與光,羞辱,恭喜猶太人的王,榮耀、真理、恩典,耶穌的身分在任何人的回應之前先被宣告，顯明被接納不是績效換來，而是白白的愛先行。,"（聚焦：恭喜猶太人的王） 〔見Jn,Mk,Mt敘事脈絡〕","在「兵丁戲弄與戴荊冠」中，耶穌以啟示揭開神國的真相：耶穌的身分在任何人的回應之前先被宣告，顯明被接納不是績效換來，而是恩典先行。（聚焦：恭喜猶太人的王）〔見Jn,Mk,Mt敘事脈絡〕",Mt 27:27-31 | Mk 15:16-20 | Jn 19:1-16,Mt 27:27-31,Mk 15:16-20,,Jn 19:1-16,,經文明載,經文段落連結,高,高,【M】[彌賽亞預言] 創 1:1-3; 出 34:6; 賽 9:2,這些舊約的盼望/意象在耶穌身上被放大成全，指向祂就是神所應許的拯救者。,事件
E-186,冬,週五(早),苦路,背十字架(西門),受難>救贖>代贖十架,代贖,背十字架,捨己、愛、忍耐,在受苦與被拒絕中，耶穌把人最深的咒詛背到自己身上，讓我們不必用自責償還罪債，因為祂已代替完成。,"（聚焦：背十字架） 〔見Lk,Mk,Mt敘事脈絡〕","在「背十字架(西門)」中，耶穌以十字架揭開神國的真相：在受苦與被拒絕中，基督把人最深的咒詛背到自己身上，讓我們不必用自責償還罪債，因為祂已代替完成。（聚焦：背十字架）〔見Lk,Mk,Mt敘事脈絡〕",Mt 27:32 | Mk 15:21 | Lk 23:26,Mt 27:32,Mk 15:21,Lk 23:26,,,經文明載,經文段落連結,高,高,【M】[彌賽亞預言] 賽 53:4-12; 詩 22:1-18; 申 21:23; 亞 12:10,這些舊約的盼望/意象在耶穌身上被放大成全，指向祂就是神所應許的拯救者。,事件
E-187,冬,週五(早),苦路,耶路撒冷婦女哀哭,敘事>行旅互動>私下教導>末世警醒,審判,為自己哭,同理、耐心、智慧,衝突與冒犯揭露人對白白的愛的抗拒，但耶穌仍堅持把真理帶到人面前；因此救恩不是迎合，而是拯救。,（聚焦：為自己哭） 〔見Lk敘事脈絡〕,在「耶路撒冷婦女哀哭」中，耶穌以行旅互動揭開神國的真相：衝突與冒犯揭露人對恩典的抗拒，但耶穌仍堅持把真理帶到人面前；因此救恩不是迎合，而是拯救。（聚焦：為自己哭）〔見Lk敘事脈絡〕,Lk 23:27-31,,,Lk 23:27-31,,,經文明載,福音書順序,高,高,【M】[彌賽亞預言] 創 12:3; 詩 23:3,這些舊約的盼望/意象在耶穌身上被放大成全，指向祂就是神所應許的拯救者。,事件
E-188,冬,週五(午),各各他,釘十字架,受難>救贖>代贖十架,救贖,十架七言,捨己、愛、忍耐,受難敘事顯明十字架不是意外，而是拯救中心：耶穌替人承擔審判與羞辱，使赦免有代價、也有確據。,"（聚焦：十架七言） 〔見Jn,Lk,Mk,Mt敘事脈絡〕","在「釘十字架」中，耶穌以十字架揭開神國的真相：受難敘事顯明十字架不是意外，而是救贖中心：耶穌替人承擔審判與羞辱，使赦免有代價、也有確據。（聚焦：十架七言）〔見Jn,Lk,Mk,Mt敘事脈絡〕",Mt 27:33-44 | Mk 15:22-32 | Lk 23:32-43 | Jn 19:17-27,Mt 27:33-44,Mk 15:22-32,Lk 23:32-43,Jn 19:17-27,,經文明載,經文段落連結,高,高,【M】[彌賽亞預言] 賽 53:4-12; 詩 22:1-18; 申 21:23; 亞 12:10,這些舊約的盼望/意象在耶穌身上被放大成全，指向祂就是神所應許的拯救者。,事件
E-189,冬,週五(午),各各他,耶穌的死(斷氣時刻),啟示>序言>道成肉身與光,成全,成了,榮耀、真理、恩典,在這段啟示裡，耶穌不是被人類的宗教想像塑造，而是主動向世界顯明；因此我們不必靠推測證明神，因為神已先說話。,"（聚焦：成了） 〔見Jn,Lk,Mk,Mt敘事脈絡〕","在「耶穌的死(斷氣時刻)」中，耶穌以啟示揭開神國的真相：在這段啟示裡，基督不是被人類的宗教想像塑造，而是主動向世界顯明；因此我們不必靠推測證明神，因為神已先說話。（聚焦：成了）〔見Jn,Lk,Mk,Mt敘事脈絡〕",Mt 27:45-56 | Mk 15:33-41 | Lk 23:44-49 | Jn 19:28-37,Mt 27:45-56,Mk 15:33-41,Lk 23:44-49,Jn 19:28-37,,經文明載,經文段落連結,高,高,【M】[彌賽亞預言] 創 1:1-3; 出 34:6; 賽 9:2,這些舊約的盼望/意象在耶穌身上被放大成全，指向祂就是神所應許的拯救者。,事件
E-190,冬,週五(晚),新墳墓,安葬,啟示>序言>道成肉身與光,安息,財主墳墓,榮耀、真理、恩典,神先向人揭露耶穌的真實身分，救恩的起點不是人找到神，而是神把自己給人看見，讓信心有可依據的對象。,"（聚焦：財主墳墓） 〔見Jn,Lk,Mk,Mt敘事脈絡〕","在「安葬」中，耶穌以啟示揭開神國的真相：神先向人揭露基督的真實身分，救恩的起點不是人找到神，而是神把自己給人看見，讓信心有可依據的對象。（聚焦：財主墳墓）〔見Jn,Lk,Mk,Mt敘事脈絡〕",Mt 27:57-60 | Mk 15:42-46 | Lk 23:50-54 | Jn 19:38-42,Mt 27:57-60,Mk 15:42-46,Lk 23:50-54,Jn 19:38-42,,經文明載,經文段落連結,高,高,【M】[彌賽亞預言] 創 1:1-3; 出 34:6; 賽 9:2,這些舊約的盼望/意象在耶穌身上被放大成全，指向祂就是神所應許的拯救者。,事件
E-191,冬,週五(晚),墳墓對面,婦女觀看墳墓,敘事>行旅互動>私下教導>旅程門訓,見證,觀看,同理、耐心、智慧,在行旅互動裡，耶穌先靠近、先看見、先接住人，顯明神的愛不是對『理想人』才開放；所以被接納先於被改變。,"（聚焦：觀看） 〔見Lk,Mk,Mt敘事脈絡〕","在「婦女觀看墳墓」中，耶穌以行旅互動揭開神國的真相：在行旅互動裡，耶穌先靠近、先看見、先接住人，顯明神的愛不是對『理想人』才開放；所以被接納先於被改變。（聚焦：觀看）〔見Lk,Mk,Mt敘事脈絡〕",Mt 27:61 | Mk 15:47 | Lk 23:55-56,Mt 27:61,Mk 15:47,Lk 23:55-56,,,經文明載,經文段落連結,高,高,【M】[彌賽亞預言] 創 12:3; 詩 23:3,這些舊約的盼望/意象在耶穌身上被放大成全，指向祂就是神所應許的拯救者。,事件
E-192,冬,週六,墳墓,封石與守墓,敘事>行旅互動>衝突與冒犯,阻擋,人的盡頭,同理、耐心、智慧,在行旅互動裡，耶穌先靠近、先看見、先接住人，顯明神的愛不是對『理想人』才開放；所以被接納先於被改變。,（聚焦：人的盡頭） 〔見Mt敘事脈絡〕,在「封石與守墓」中，耶穌以行旅互動揭開神國的真相：在行旅互動裡，耶穌先靠近、先看見、先接住人，顯明神的愛不是對『理想人』才開放；所以被接納先於被改變。（聚焦：人的盡頭）〔見Mt敘事脈絡〕,Mt 27:62-66,Mt 27:62-66,,,,,經文明載,福音書順序,高,高,【M】[彌賽亞預言] 創 12:3; 詩 23:3,這些舊約的盼望/意象在耶穌身上被放大成全，指向祂就是神所應許的拯救者。,事件
E-193,冬,週日,墳墓,復活:空墳墓,復活>得勝>死亡被吞滅,復活,石頭滾開,大能、盼望、信實,在顯現與重建裡，復活主先恢復破碎者，顯明救恩不被人的失敗取消；因此悔改不是回到原點，而是被帶進新起點。,"（聚焦：石頭滾開） 〔見Jn,Lk,Mk,Mt敘事脈絡〕","在「復活:空墳墓」中，耶穌以復活揭開神國的真相：在顯現與重建裡，復活主先恢復破碎者，顯明救恩不被人的失敗取消；因此悔改不是回到原點，而是被帶進新起點。（聚焦：石頭滾開）〔見Jn,Lk,Mk,Mt敘事脈絡〕",Mt 28:1-8 | Mk 16:1-8 | Lk 24:1-12 | Jn 20:1-10,Mt 28:1-8,Mk 16:1-8,Lk 24:1-12,Jn 20:1-10,,經文明載,經文段落連結,高,高,【M】[彌賽亞預言] 詩 16:10; 何 6:2; 賽 25:8,這些舊約的盼望/意象在耶穌身上被放大成全，指向祂就是神所應許的拯救者。,事件
E-194,冬,週日,園子,復活:向抹大拉馬利亞顯現,降生>敬拜>尊主頌與恩典反轉,見證,不要摸我,敬畏、喜樂、信靠,耶穌復活不是對失敗者的鼓勵口號，而是對世界秩序的改寫：罪與死亡的權勢已被打破，新的生命已被啟動。,（聚焦：不要摸我） 〔見Jn敘事脈絡〕,在「復活:向抹大拉馬利亞顯現」中，耶穌以復活揭開神國的真相：耶穌復活不是對失敗者的鼓勵口號，而是對世界秩序的改寫：罪與死亡的權勢已被打破，新的生命已被啟動。（聚焦：不要摸我）〔見Jn敘事脈絡〕,Jn 20:11-18,,,,Jn 20:11-18,,經文明載,經文段落連結,高,高,,,事件
E-195,冬,週日,路上,復活:向其他婦女顯現,復活>得勝>死亡被吞滅,見證,抱住腳拜他,大能、盼望、信實,耶穌復活不是對失敗者的鼓勵口號，而是對世界秩序的改寫：罪與死亡的權勢已被打破，新的生命已被啟動。,（聚焦：抱住腳拜他） 〔見Mt敘事脈絡〕,在「復活:向其他婦女顯現」中，耶穌以復活揭開神國的真相：耶穌復活不是對失敗者的鼓勵口號，而是對世界秩序的改寫：罪與死亡的權勢已被打破，新的生命已被啟動。（聚焦：抱住腳拜他）〔見Mt敘事脈絡〕,Mt 28:9-10,Mt 28:9-10,,,,,經文明載,福音書順序,高,高,【M】[彌賽亞預言] 詩 16:10; 何 6:2; 賽 25:8,這些舊約的盼望/意象在耶穌身上被放大成全，指向祂就是神所應許的拯救者。,事件
E-196,冬,週日,耶路撒冷,兵丁受賄造謠,敘事>行旅互動>衝突與冒犯,謊言,偷屍說,同理、耐心、智慧,這段敘事把人的需要與耶穌的同在放在一起，宣告救恩不是抽象理念，而是神在具體處境中主動施恩。,（聚焦：偷屍說） 〔見Mt敘事脈絡〕,在「兵丁受賄造謠」中，耶穌以行旅互動揭開神國的真相：這段敘事把人的需要與耶穌的同在放在一起，宣告救恩不是抽象理念，而是神在具體處境中主動施恩。（聚焦：偷屍說）〔見Mt敘事脈絡〕,Mt 28:11-15,Mt 28:11-15,,,,,邏輯推論,福音書順序,低,高,【M】[彌賽亞預言] 創 12:3; 詩 23:3,這些舊約的盼望/意象在耶穌身上被放大成全，指向祂就是神所應許的拯救者。,事件
E-197,冬,週日,路上,以馬忤斯路上,敘事>行旅互動>私下教導>旅程門訓,啟示,講解聖經,同理、耐心、智慧,在行旅互動裡，耶穌先靠近、先看見、先接住人，顯明神的愛不是對『理想人』才開放；所以被接納先於被改變。,（聚焦：講解聖經） 〔見Lk敘事脈絡〕,在「以馬忤斯路上」中，耶穌以行旅互動揭開神國的真相：在行旅互動裡，耶穌先靠近、先看見、先接住人，顯明神的愛不是對『理想人』才開放；所以被接納先於被改變。（聚焦：講解聖經）〔見Lk敘事脈絡〕,Lk 24:13-35,,,Lk 24:13-35,,,經文明載,經文段落連結,高,高,【M】[彌賽亞預言] 創 12:3; 詩 23:3,這些舊約的盼望/意象在耶穌身上被放大成全，指向祂就是神所應許的拯救者。,事件
E-198,冬,週日(晚),耶路撒冷,向使徒顯現(1):無多馬,受難/復活>敘事>關鍵事件,確據,平安,堅毅、愛、信實,受難敘事顯明十字架不是意外，而是拯救中心：耶穌替人承擔審判與羞辱，使赦免有代價、也有確據。,"（聚焦：平安） 〔見Jn,Lk敘事脈絡〕","在「向使徒顯現(1):無多馬」中，耶穌以受難與得勝揭開神國的真相：受難敘事顯明十字架不是意外，而是救贖中心：耶穌替人承擔審判與羞辱，使赦免有代價、也有確據。（聚焦：平安）〔見Jn,Lk敘事脈絡〕",Lk 24:36-43 | Jn 20:19-25,,,Lk 24:36-43,Jn 20:19-25,,經文明載,經文段落連結,高,高,【M】[彌賽亞預言] 賽 53:4-12,這些舊約的盼望/意象在耶穌身上被放大成全，指向祂就是神所應許的拯救者。,事件
E-199,冬,八日後,耶路撒冷,向使徒顯現(2):有多馬,受難/復活>敘事>關鍵事件,信心,非看見才信,堅毅、愛、信實,十字架把神的公義與慈愛同時成就：罪被審判，人被挽回；因此我們可以在白白的愛裡得著真正的平安。,（聚焦：非看見才信） 〔見Jn敘事脈絡〕,在「向使徒顯現(2):有多馬」中，耶穌以受難與得勝揭開神國的真相：十字架把神的公義與慈愛同時成就：罪被審判，人被挽回；因此我們可以在恩典裡得著真正的平安。（聚焦：非看見才信）〔見Jn敘事脈絡〕,Jn 20:26-29,,,,Jn 20:26-29,,經文明載,福音書順序,高,高,【M】[彌賽亞預言] 賽 53:4-12,這些舊約的盼望/意象在耶穌身上被放大成全，指向祂就是神所應許的拯救者。,事件
E-200,冬,期間(加利利),加利利海,彼得恢復,敘事>行旅互動>差派與回顧,牧養,你愛我嗎,同理、耐心、智慧,這段敘事把人的需要與耶穌的同在放在一起，宣告救恩不是抽象理念，而是神在具體處境中主動施恩。,（聚焦：你愛我嗎） 〔見Jn敘事脈絡〕,在「彼得恢復」中，耶穌以行旅互動揭開神國的真相：這段敘事把人的需要與耶穌的同在放在一起，宣告救恩不是抽象理念，而是神在具體處境中主動施恩。（聚焦：你愛我嗎）〔見Jn敘事脈絡〕,Jn 21:1-19,,,,Jn 21:1-19,,經文明載,福音書順序,高,高,【M】[彌賽亞預言] 創 12:3; 詩 23:3,這些舊約的盼望/意象在耶穌身上被放大成全，指向祂就是神所應許的拯救者。,事件
E-201,春,西元 30 年 春（加利利）,加利利海,約翰的結局,敘事>行旅互動>私下教導>門徒價值翻轉,見證,不死傳言,同理、耐心、智慧,在行旅互動裡，耶穌先靠近、先看見、先接住人，顯明神的愛不是對『理想人』才開放；所以被接納先於被改變。,（聚焦：不死傳言） 〔見Jn敘事脈絡〕,在「約翰的結局」中，耶穌以行旅互動揭開神國的真相：在行旅互動裡，耶穌先靠近、先看見、先接住人，顯明神的愛不是對『理想人』才開放；所以被接納先於被改變。（聚焦：不死傳言）〔見Jn敘事脈絡〕,Jn 21:20-23,,,,Jn 21:20-23,,經文明載,福音書順序,高,高,【M】[彌賽亞預言] 創 12:3; 詩 23:3,這些舊約的盼望/意象在耶穌身上被放大成全，指向祂就是神所應許的拯救者。,事件
E-202,冬,期間(加利利),加利利山,大使命,敘事>行旅互動>差派與回顧,使命,萬民,同理、耐心、智慧,衝突與冒犯揭露人對白白的愛的抗拒，但耶穌仍堅持把真理帶到人面前；因此救恩不是迎合，而是拯救。,（聚焦：萬民） 〔見Mt敘事脈絡〕,在「大使命」中，耶穌以行旅互動揭開神國的真相：衝突與冒犯揭露人對恩典的抗拒，但耶穌仍堅持把真理帶到人面前；因此救恩不是迎合，而是拯救。（聚焦：萬民）〔見Mt敘事脈絡〕,Mt 28:16-20,Mt 28:16-20,,,,,經文明載,經文段落連結,高,高,【M】[彌賽亞預言] 創 12:3; 詩 23:3,這些舊約的盼望/意象在耶穌身上被放大成全，指向祂就是神所應許的拯救者。,事件
E-203,冬,40天後,橄欖山,耶穌升天,升天>登基>君王就位,榮耀,等候聖靈(路加敘事壓縮/徒1:3框架),權柄、榮耀、信實,在行旅互動裡，耶穌先靠近、先看見、先接住人，顯明神的愛不是對『理想人』才開放；所以被接納先於被改變。,（聚焦：等候聖靈(路加敘事壓縮/徒1:3框架)） 〔見Lk敘事脈絡〕,在「耶穌升天」中，耶穌以升天揭開神國的真相：在行旅互動裡，耶穌先靠近、先看見、先接住人，顯明神的愛不是對『理想人』才開放；所以被接納先於被改變。（聚焦：等候聖靈(路加敘事壓縮/徒1:3框架)）〔見Lk敘事脈絡〕,Lk 24:44-53 | Acts 1:6-11,,,Lk 24:44-53,,Acts 1:6-11,經文明載,合參推論 (敘事壓縮),高,高,【M】[彌賽亞預言] 詩 110:1; 但 7:13-14,這些舊約的盼望/意象在耶穌身上被放大成全，指向祂就是神所應許的拯救者。,事件
E-204,冬,約 西元 30 年,文本附錄,【附錄】馬可長結尾摘要,,文本爭議,趕鬼新方言,,此列為資料庫後設：福音不是零散故事，而是可追溯的歷史見證；因此信仰有其公開可驗的起點與脈絡。,（聚焦：趕鬼新方言） 〔見Mk敘事脈絡〕,在「【附錄】馬可長結尾摘要」中，耶穌以宣告揭開神國的真相：此列為資料庫後設：福音不是零散故事，而是可追溯的歷史見證；因此信仰有其公開可驗的起點與脈絡。（聚焦：趕鬼新方言）〔見Mk敘事脈絡〕,Mk 16:9-20,,Mk 16:9-20,,,,存在爭議,學術共識,低,高,,,經文鑑別
E-205,後設,約 西元 30 年,歷史檔案,約翰福音作者後記,,見證,這些事是真的,,此列屬後設/序言：神已在話語中主動啟示並定義耶穌，為整個救恩敘事奠基，使信心建立在神先說話的白白的愛上。,（聚焦：這些事是真的） 〔見Jn敘事脈絡〕,在「約翰福音作者後記」中，耶穌以宣告揭開神國的真相：此列屬後設/序言：神已在話語中主動啟示並定義基督，為整個救恩敘事奠基，使信心建立在神先說話的恩典上。（聚焦：這些事是真的）〔見Jn敘事脈絡〕,Jn 21:24-25,,,,Jn 21:24-25,,後設資料,福音書順序,高,高,,,後設資料
E-206,冬,期間(加利利),加利利,耶穌在加利利顯現(眾弟兄),受難/復活>敘事>關鍵事件,顯現,五百多弟兄,堅毅、愛、信實,在受苦與被拒絕中，耶穌把人最深的咒詛背到自己身上，讓我們不必用自責償還罪債，因為祂已代替完成。,（聚焦：五百多弟兄）,在「耶穌在加利利顯現(眾弟兄)」中，耶穌以受難與得勝揭開神國的真相：在受苦與被拒絕中，基督把人最深的咒詛背到自己身上，讓我們不必用自責償還罪債，因為祂已代替完成。（聚焦：五百多弟兄）,1Cor 15:6,,,,,1Cor 15:6,邏輯推論,福音書順序,低,中,【M】[彌賽亞預言] 賽 53:4-12,這些舊約的盼望/意象在耶穌身上被放大成全，指向祂就是神所應許的拯救者。,事件
E-207,冬,期間(耶路撒冷),耶路撒冷,雅各與眾使徒顯現,受難/復活>敘事>關鍵事件,顯現,顯給雅各看,堅毅、愛、信實,在受苦與被拒絕中，耶穌把人最深的咒詛背到自己身上，讓我們不必用自責償還罪債，因為祂已代替完成。,（聚焦：顯給雅各看）,在「雅各與眾使徒顯現」中，耶穌以受難與得勝揭開神國的真相：在受苦與被拒絕中，基督把人最深的咒詛背到自己身上，讓我們不必用自責償還罪債，因為祂已代替完成。（聚焦：顯給雅各看）,1Cor 15:7,,,,,1Cor 15:7,邏輯推論,福音書順序,低,中,【M】[彌賽亞預言] 賽 53:4-12,這些舊約的盼望/意象在耶穌身上被放大成全，指向祂就是神所應許的拯救者。,事件
E-208,冬,約 西元 33 年,大馬色路上,顯現給保羅,受難/復活>敘事>關鍵事件,顯現,如同未到產期,堅毅、愛、信實,十字架把神的公義與慈愛同時成就：罪被審判，人被挽回；因此我們可以在白白的愛裡得著真正的平安。,（聚焦：如同未到產期）,在「顯現給保羅」中，耶穌以受難與得勝揭開神國的真相：十字架把神的公義與慈愛同時成就：罪被審判，人被挽回；因此我們可以在恩典裡得著真正的平安。（聚焦：如同未到產期）,Acts 9:1-9; 1Cor 15:8,,,,,Acts 9:1-9; 1Cor 15:8,邏輯推論,福音書順序,低,中,【M】[彌賽亞預言] 賽 53:4-12,這些舊約的盼望/意象在耶穌身上被放大成全，指向祂就是神所應許的拯救者。,事件
